scenario,repetition,execution_order,frame_index,read_ms,inference_ms,tracking_ms,visualization_ms,write_ms,total_ms
A,1,1,20,2.5067,14.1251,0.6515,,,17.4318
A,1,1,21,2.7137,13.1257,0.7331,,,16.8364
A,1,1,22,2.2529,15.9037,1.0373,,,19.8193
A,1,1,23,3.5013,18.2286,0.7147,,,22.7157
A,1,1,24,3.0358,14.8351,0.6624,,,18.8074
A,1,1,25,2.2719,13.4952,0.7873,,,16.7559
A,1,1,26,2.9948,14.6531,1.0612,,,18.9892
A,1,1,27,3.2371,18.1087,0.7888,,,22.3738
A,1,1,28,2.2908,14.3612,0.6363,,,17.5103
A,1,1,29,2.9775,16.6032,0.8361,,,20.6812
A,1,1,30,3.6416,13.6915,0.7957,,,18.3949
A,1,1,31,2.7749,16.4343,0.6415,,,20.0811
A,1,1,32,2.0854,14.0522,0.7799,,,17.2754
A,1,1,33,2.7516,13.8325,0.8541,,,17.8024
A,1,1,34,2.6593,12.8708,0.6617,,,16.4453
A,1,1,35,2.5298,19.7404,0.7182,,,23.2451
A,1,1,36,2.2635,16.0669,0.938,,,19.5254
A,1,1,37,2.3022,15.9253,1.0514,,,19.6706
A,1,1,38,2.4788,16.3197,0.8949,,,19.9817
A,1,1,39,2.4891,14.5517,0.6208,,,17.9707
A,1,1,40,3.4087,14.8989,0.5878,,,19.1803
A,1,1,41,2.8555,16.6497,0.9396,,,20.8254
A,1,1,42,3.2397,15.0906,0.6052,,,19.2237
A,1,1,43,2.4771,15.0259,0.6179,,,18.3863
A,1,1,44,2.7344,13.6838,0.6273,,,17.5148
A,1,1,45,2.693,16.3765,0.6056,,,20.0996
A,1,1,46,2.8048,12.26,0.9359,,,16.2492
A,1,1,47,2.1247,16.568,0.8469,,,19.7865
A,1,1,48,2.287,13.9193,0.8521,,,17.3262
A,1,1,49,3.365,15.6923,0.5869,,,19.8758
A,1,1,50,2.862,12.8452,0.5816,,,16.6943
A,1,1,51,2.522,12.4248,0.9505,,,16.1972
A,1,1,52,2.7498,14.7572,0.7638,,,18.5977
A,1,1,53,3.186,19.3587,0.759,,,23.6979
A,1,1,54,4.9758,21.208,1.9707,,,28.4762
A,1,1,55,3.0269,17.4442,0.7516,,,21.507
A,1,1,56,3.2812,16.9225,0.7949,,,21.3972
A,1,1,57,3.7081,16.3043,0.9547,,,21.3119
A,1,1,58,3.0526,14.2929,0.8497,,,18.5216
A,1,1,59,3.3024,15.3656,1.196,,,20.2561
A,1,1,60,3.2584,14.4415,0.7902,,,18.7928
A,1,1,61,2.9998,14.1927,0.8978,,,18.3121
A,1,1,62,2.3845,17.0217,0.7128,,,20.3323
A,1,1,63,3.3799,16.5867,0.829,,,21.1096
A,1,1,64,2.6743,14.6386,0.6417,,,18.1766
A,1,1,65,2.0353,15.2846,1.5227,,,19.0941
A,1,1,66,2.9476,14.7005,0.791,,,18.6864
A,1,1,67,2.6471,14.9244,0.7448,,,18.5575
A,1,1,68,2.5028,12.7798,0.6368,,,16.1847
A,1,1,69,2.7465,15.4954,0.756,,,19.315
A,1,1,70,3.5364,16.8985,1.3935,,,22.1653
A,1,1,71,2.8501,14.4984,0.7055,,,18.2936
A,1,1,72,3.2013,13.5663,0.7041,,,17.7026
A,1,1,73,2.9249,14.1831,0.9326,,,18.3191
A,1,1,74,2.3534,15.7273,0.8047,,,19.1052
A,1,1,75,3.2296,15.6905,0.8096,,,20.0298
A,1,1,76,2.8839,16.6794,1.2746,,,21.0886
A,1,1,77,2.6018,14.8095,0.7569,,,18.392
A,1,1,78,2.7904,15.6114,0.737,,,19.3578
A,1,1,79,2.6278,13.3063,1.738,,,18.0588
A,1,1,80,3.1552,14.3178,1.4322,,,19.2525
A,1,1,81,2.2978,13.7966,0.8624,,,17.2365
A,1,1,82,2.43,13.5902,1.1801,,,17.4635
A,1,1,83,2.2096,12.4087,1.1566,,,16.0289
A,1,1,84,2.1993,13.0652,0.8867,,,16.3896
A,1,1,85,3.0729,15.7216,0.924,,,19.9636
A,1,1,86,2.2698,13.1109,1.1762,,,16.9656
A,1,1,87,2.9159,14.6953,0.9416,,,18.7567
A,1,1,88,3.1854,14.4621,1.2833,,,19.3129
A,1,1,89,2.6467,12.2911,0.6894,,,15.8818
A,1,1,90,2.7161,13.5439,0.7694,,,17.2813
A,1,1,91,2.2158,16.1066,1.1198,,,19.6852
A,1,1,92,2.1938,13.5993,0.865,,,16.8933
A,1,1,93,2.5102,13.0161,0.7,,,16.5089
A,1,1,94,2.9804,16.5427,1.1278,,,21.0443
A,1,1,95,2.6373,13.4903,0.7151,,,17.0605
A,1,1,96,2.2252,15.551,1.7575,,,19.8278
A,1,1,97,2.5309,14.5805,1.1909,,,18.7903
A,1,1,98,2.5874,13.402,0.7311,,,16.9637
A,1,1,99,2.3796,13.2694,0.7512,,,16.7589
A,1,1,100,3.0221,13.3796,0.7734,,,17.4408
A,1,1,101,2.132,12.5202,0.841,,,15.7293
A,1,1,102,2.7681,13.2865,1.2567,,,17.6949
A,1,1,103,2.8009,12.2846,0.8294,,,16.2132
A,1,1,104,2.3526,12.4354,0.7548,,,15.7886
A,1,1,105,2.345,12.0379,0.6808,,,15.2788
A,1,1,106,2.4914,13.4448,0.9631,,,17.1471
A,1,1,107,2.1618,13.088,0.6596,,,16.1607
A,1,1,108,2.5426,13.9504,0.6742,,,17.4164
A,1,1,109,2.3358,14.7482,0.6637,,,18.0193
A,1,1,110,2.1497,13.0837,0.6684,,,16.112
A,1,1,111,2.6343,12.7948,0.8506,,,16.565
A,1,1,112,2.8487,14.4442,0.6757,,,18.2368
A,1,1,113,2.431,11.5171,0.6705,,,14.852
A,1,1,114,2.1591,11.8405,0.6906,,,14.9563
A,1,1,115,2.2876,13.9185,0.6685,,,17.1409
A,1,1,116,2.4158,14.2702,0.6742,,,17.6303
A,1,1,117,2.2498,13.1485,0.696,,,16.3947
A,1,1,118,2.5006,11.8047,0.912,,,15.4741
A,1,1,119,2.7845,13.5991,0.6797,,,17.3718
A,1,1,120,2.1776,11.6765,0.6566,,,14.7396
A,1,1,121,2.1508,15.2761,0.9,,,18.5862
A,1,1,122,2.3528,13.7633,0.6533,,,17.0423
A,1,1,123,2.1542,12.1259,0.675,,,15.194
A,1,1,124,2.0819,13.619,0.6675,,,16.718
A,1,1,125,2.4354,11.733,0.675,,,15.107
A,1,1,126,2.4861,12.2547,0.7012,,,15.7417
A,1,1,127,2.1594,11.6833,0.6466,,,14.7325
A,1,1,128,2.1973,11.9207,1.0326,,,15.3849
A,1,1,129,2.1711,12.2812,0.8049,,,15.5108
A,1,1,130,2.3744,13.2289,0.6647,,,16.5098
A,1,1,131,2.2451,12.5501,0.6604,,,15.692
A,1,1,132,2.4706,16.257,0.8266,,,19.8225
A,1,1,133,3.37,16.5038,0.7696,,,20.9264
A,1,1,134,2.5398,12.9989,1.0,,,16.7515
A,1,1,135,2.2918,12.6416,0.6419,,,15.8168
A,1,1,136,2.683,16.2088,0.7474,,,19.9645
A,1,1,137,2.2948,11.252,0.6063,,,14.368
A,1,1,138,2.1767,12.8839,0.6243,,,15.8729
A,1,1,139,2.2677,10.7741,0.7559,,,13.9954
A,1,1,140,2.2223,11.2316,0.8576,,,14.5209
A,1,1,141,2.1682,13.9035,0.7888,,,17.0708
A,1,1,142,2.2972,12.1942,0.6881,,,15.3958
A,1,1,143,2.3967,11.0374,0.6864,,,14.3363
A,1,1,144,2.3379,11.5262,0.6989,,,14.7695
A,1,1,145,2.603,13.088,0.7009,,,16.6621
A,1,1,146,2.8231,11.9281,0.6615,,,15.627
A,1,1,147,2.2511,11.413,0.6883,,,14.5505
A,1,1,148,2.2343,10.9763,0.6712,,,14.0888
A,1,1,149,2.3722,11.3598,0.6938,,,14.6586
A,1,1,150,2.2972,11.5577,0.6907,,,14.7555
A,1,1,151,2.1368,11.2921,0.6733,,,14.2858
A,1,1,152,2.1333,14.4179,0.6864,,,17.4428
A,1,1,153,2.7106,11.9122,0.6904,,,15.5328
A,1,1,154,2.2734,11.113,0.6779,,,14.2603
A,1,1,155,2.2732,11.3518,0.6872,,,14.5117
A,1,1,156,2.2513,11.7358,0.6866,,,14.8958
A,1,1,157,2.4632,11.692,0.6743,,,15.0496
A,1,1,158,2.3829,13.4927,0.9599,,,17.0929
A,1,1,159,2.3629,14.1856,0.6939,,,17.4745
A,1,1,160,2.2775,13.5786,0.733,,,16.9355
A,1,1,161,2.2585,11.48,0.6745,,,14.6668
A,1,1,162,2.3264,10.8753,0.6538,,,14.0414
A,1,1,163,2.335,12.6496,0.6619,,,15.8397
A,1,1,164,2.2331,12.0066,0.6644,,,15.1305
A,1,1,165,2.4448,11.3274,0.6955,,,14.6885
A,1,1,166,2.1844,12.4513,0.6462,,,15.4816
A,1,1,167,2.2707,12.8389,0.6577,,,15.9722
A,1,1,168,2.2223,12.2758,0.6417,,,15.3327
A,1,1,169,2.1481,12.488,0.7513,,,15.5926
A,1,1,170,2.2167,13.7775,0.6972,,,16.8988
A,1,1,171,2.2443,12.3847,0.8274,,,15.669
A,1,1,172,2.1822,13.6619,0.6825,,,16.7572
A,1,1,173,2.0517,13.9713,0.6657,,,16.9159
A,1,1,174,2.297,12.8224,0.6879,,,16.0639
A,1,1,175,2.3604,13.6868,0.6799,,,16.9796
A,1,1,176,2.1946,10.9027,0.7671,,,14.0575
A,1,1,177,2.1513,10.9879,0.685,,,14.0381
A,1,1,178,2.2136,11.55,0.6752,,,14.639
A,1,1,179,2.2414,13.62,0.7005,,,16.7662
A,1,1,180,2.1244,10.9506,0.6638,,,13.9282
A,1,1,181,2.2467,11.6066,0.6708,,,14.7265
A,1,1,182,2.1303,11.7387,0.6608,,,14.7316
A,1,1,183,2.2656,14.2092,0.657,,,17.3649
A,1,1,184,2.0988,11.5906,0.7792,,,14.6525
A,1,1,185,2.0799,14.217,0.6826,,,17.1992
A,1,1,186,2.2302,12.5599,0.6521,,,15.6454
A,1,1,187,2.1713,12.7121,0.7828,,,15.8847
A,1,1,188,2.1904,12.0931,0.7521,,,15.2688
A,1,1,189,2.0897,11.7941,0.8009,,,14.9333
A,1,1,190,2.0851,13.1722,0.7525,,,16.2359
A,1,1,191,2.0493,14.1324,0.657,,,17.0479
A,1,1,192,2.2501,13.5773,0.8042,,,16.8411
A,1,1,193,2.0861,10.9669,0.7338,,,13.9968
A,1,1,194,2.1959,10.8297,0.7337,,,13.9672
A,1,1,195,2.2874,11.5936,0.7928,,,14.8829
A,1,1,196,2.2458,14.2404,0.6827,,,17.3953
A,1,1,197,2.1287,11.7973,0.7048,,,14.8342
A,1,1,198,2.4572,12.6043,0.779,,,16.0617
A,1,1,199,2.0597,13.9654,0.74,,,16.9708
A,1,1,200,2.1875,12.0156,0.6856,,,15.0805
A,1,1,201,2.2291,14.0178,0.6909,,,17.1502
A,1,1,202,2.0893,13.9288,0.7737,,,16.9926
A,1,1,203,2.0133,10.7394,0.8,,,13.7727
A,1,1,204,2.1114,13.8082,0.7363,,,16.8614
A,1,1,205,2.1386,12.1858,0.7013,,,15.2411
A,1,1,206,2.2261,13.1413,0.9685,,,16.5522
A,1,1,207,2.0794,13.9531,0.9359,,,17.2017
A,1,1,208,2.1946,13.3103,0.7634,,,16.4682
A,1,1,209,2.2201,12.7971,0.8978,,,16.1386
A,1,1,210,2.1769,11.7447,0.7501,,,14.8668
A,1,1,211,2.0754,14.3255,1.044,,,17.6512
A,1,1,212,2.3062,10.9786,0.7951,,,14.2887
A,1,1,213,2.2708,12.3127,0.7697,,,15.5617
A,1,1,214,2.0641,12.6259,0.9139,,,15.8057
A,1,1,215,2.3399,14.8225,0.8243,,,18.2045
A,1,1,216,2.0873,13.9283,0.7273,,,16.9536
A,1,1,217,2.3744,14.8771,0.7046,,,18.1628
A,1,1,218,2.072,14.4042,0.9065,,,17.602
A,1,1,219,2.554,12.7347,0.774,,,16.3302
A,1,1,220,2.0165,10.9262,0.7218,,,13.8605
A,1,1,221,2.2735,15.1574,0.6696,,,18.3507
A,1,1,222,2.4406,14.8126,0.6463,,,18.1061
A,1,1,223,2.1558,13.5134,0.6462,,,16.5196
A,1,1,224,2.1785,15.0101,0.6699,,,18.0759
A,1,1,225,2.029,14.7544,0.6462,,,17.6189
A,1,1,226,2.489,14.736,0.6769,,,18.0975
A,1,1,227,2.0741,11.8828,0.7435,,,14.9057
A,1,1,228,2.0578,14.6338,0.6529,,,17.5446
A,1,1,229,2.2396,11.1331,0.6659,,,14.2604
A,1,1,230,2.2122,10.855,0.7784,,,14.0739
A,1,1,231,2.0843,12.2709,0.6679,,,15.261
A,1,1,232,2.2398,15.0139,0.6691,,,18.1596
A,1,1,233,2.1779,13.1716,0.6541,,,16.2129
A,1,1,234,2.0659,14.498,0.6678,,,17.433
A,1,1,235,2.5105,13.5033,0.6554,,,16.9168
A,1,1,236,2.0418,11.1242,0.7345,,,14.1066
A,1,1,237,2.0984,14.8476,0.6553,,,17.8361
A,1,1,238,2.2106,11.3615,0.6475,,,14.4592
A,1,1,239,2.1883,15.3562,0.6616,,,18.4254
A,1,1,240,2.17,13.3967,0.6252,,,16.3859
A,1,1,241,2.0009,14.2025,0.6483,,,17.2073
A,1,1,242,2.1123,13.1478,0.635,,,16.1094
A,1,1,243,2.1003,13.9205,0.6579,,,16.8812
A,1,1,244,2.1218,11.8454,0.6583,,,14.8542
A,1,1,245,2.4803,15.6446,0.6415,,,19.1107
A,1,1,246,2.2352,14.3403,0.6516,,,17.4378
A,1,1,247,2.4531,13.7332,0.6321,,,17.0228
A,1,1,248,2.1163,16.0043,0.7162,,,19.0292
A,1,1,249,2.1628,11.7188,0.6857,,,14.833
A,1,1,250,2.0629,15.2053,0.5839,,,18.0795
A,1,1,251,2.2708,15.1762,0.5955,,,18.2567
A,1,1,252,2.1135,16.4757,0.6311,,,19.4293
A,1,1,253,2.1239,17.7263,0.5933,,,20.6603
A,1,1,254,2.0602,16.129,0.5737,,,18.9638
A,1,1,255,2.1364,17.1107,0.6942,,,20.166
A,1,1,256,2.0214,16.39,0.8777,,,19.4888
A,1,1,257,2.2928,13.4994,0.6109,,,16.6726
A,1,1,258,2.2188,17.7495,0.5876,,,20.7796
A,1,1,259,2.3688,16.0189,0.5706,,,19.1678
A,1,1,260,2.3242,15.4962,0.6216,,,18.638
A,1,1,261,2.1783,14.2796,0.6303,,,17.2893
A,1,1,262,2.3121,15.7532,0.5982,,,18.8661
A,1,1,263,2.13,16.0996,0.5899,,,19.03
A,1,1,264,2.1576,13.862,0.6203,,,16.8786
A,1,1,265,2.3768,16.1962,0.5864,,,19.3745
A,1,1,266,1.9759,11.1749,0.5603,,,13.9007
A,1,1,267,2.0939,16.0095,0.8037,,,19.117
A,1,1,268,2.1483,15.1461,0.5898,,,18.0911
A,1,1,269,2.0419,12.7941,0.5765,,,15.6074
A,1,1,270,2.333,13.5544,0.6255,,,16.7501
A,1,1,271,1.9584,11.5139,0.5811,,,14.2447
A,1,1,272,2.0215,13.3757,0.5766,,,16.1878
A,1,1,273,2.0225,15.4228,0.5852,,,18.2227
A,1,1,274,2.152,12.8434,0.6409,,,15.8321
A,1,1,275,1.9793,11.3745,0.5189,,,14.0691
A,1,1,276,2.0973,15.7939,0.5222,,,18.6031
B,1,2,20,2.1564,12.3745,0.6563,0.9827,,16.2329
B,1,2,21,2.5019,12.8084,0.6327,0.9583,,17.1192
B,1,2,22,2.4536,13.2699,0.6176,1.0502,,17.5788
B,1,2,23,2.4711,12.7398,0.6429,0.9802,,17.0174
B,1,2,24,2.0069,11.4923,0.628,0.9802,,15.2775
B,1,2,25,1.9877,11.167,0.6046,1.0143,,14.9487
B,1,2,26,1.987,11.8942,0.6258,0.9914,,15.6741
B,1,2,27,1.9964,11.0602,0.6034,1.0007,,14.8305
B,1,2,28,1.9842,11.6057,0.6202,1.0033,,15.3836
B,1,2,29,2.286,13.6611,0.7001,1.0308,,17.8909
B,1,2,30,2.0264,14.8422,0.6987,1.1706,,18.9255
B,1,2,31,2.237,11.3629,0.6254,1.0671,,15.4999
B,1,2,32,2.0266,11.2683,0.6413,1.0309,,15.1558
B,1,2,33,1.9885,11.6358,0.8914,1.2507,,15.9796
B,1,2,34,2.1001,11.7348,0.6153,1.1732,,15.8968
B,1,2,35,2.2938,13.4675,0.6605,1.294,,17.9951
B,1,2,36,2.0173,14.028,0.6418,1.075,,17.9785
B,1,2,37,2.6231,12.3217,0.5931,1.1245,,16.8557
B,1,2,38,1.988,11.6598,0.7652,1.5536,,16.2275
B,1,2,39,2.1316,13.9793,0.5823,1.0997,,18.0128
B,1,2,40,1.9718,11.1806,0.5753,1.1227,,15.0198
B,1,2,41,2.1072,11.516,0.5899,1.3043,,15.7295
B,1,2,42,2.006,11.4253,0.5708,1.0931,,15.2973
B,1,2,43,1.9488,12.661,0.5887,1.108,,16.5004
B,1,2,44,1.968,11.3228,0.5944,1.1133,,15.1726
B,1,2,45,1.9885,11.2217,0.5897,1.1181,,15.1006
B,1,2,46,2.0648,13.2716,0.5916,1.3003,,17.4332
B,1,2,47,2.4117,12.6872,0.5775,1.1276,,16.9869
B,1,2,48,1.9701,11.1413,0.5805,1.1268,,14.9925
B,1,2,49,2.0001,11.9151,0.5852,1.1377,,15.8166
B,1,2,50,2.128,11.2178,0.5663,1.1503,,15.2516
B,1,2,51,2.256,15.7109,0.6934,1.1677,,20.0291
B,1,2,52,2.5868,12.4216,0.568,1.2001,,16.9642
B,1,2,53,2.0067,11.3302,0.5748,1.3522,,15.4464
B,1,2,54,2.0375,12.9761,0.5932,1.177,,17.0033
B,1,2,55,2.0931,11.916,0.5771,1.1677,,15.9445
B,1,2,56,2.0592,11.4366,0.6035,1.1959,,15.49
B,1,2,57,2.3071,13.0294,0.7901,1.1852,,17.5788
B,1,2,58,2.0749,11.1602,0.8247,1.2677,,15.5009
B,1,2,59,2.0715,13.0703,0.7249,1.3331,,17.4085
B,1,2,60,2.068,11.8101,0.7677,1.245,,16.1014
B,1,2,61,1.9792,11.7618,0.873,1.2449,,16.052
B,1,2,62,2.0001,11.4294,0.6834,1.0163,,15.3218
B,1,2,63,2.1717,15.693,0.6248,1.1187,,19.8374
B,1,2,64,2.0823,13.8957,0.7551,1.1447,,18.1141
B,1,2,65,2.1395,12.466,0.7721,1.0029,,16.6272
B,1,2,66,2.0415,13.0461,0.7985,1.1742,,17.3031
B,1,2,67,2.2319,11.7948,0.7386,1.025,,16.0154
B,1,2,68,1.9964,11.1739,0.5896,1.1099,,15.0466
B,1,2,69,2.023,11.9987,0.6583,0.9805,,15.8724
B,1,2,70,2.0025,11.9019,0.7609,1.0101,,15.8554
B,1,2,71,2.03,13.2983,0.732,1.0124,,17.2504
B,1,2,72,2.1346,11.2924,0.6445,1.1255,,15.3849
B,1,2,73,1.9269,11.3694,0.7204,1.0111,,15.2267
B,1,2,74,2.1197,11.5323,0.7411,1.3035,,15.883
B,1,2,75,2.3307,12.9281,0.7906,1.0802,,17.3524
B,1,2,76,2.477,13.027,0.7317,1.14,,17.6052
B,1,2,77,1.9997,11.2549,0.733,1.0695,,15.2418
B,1,2,78,2.1537,11.2588,0.8644,1.1098,,15.5839
B,1,2,79,1.9852,11.7805,0.8081,1.0845,,15.871
B,1,2,80,2.0015,11.4319,0.7425,1.0789,,15.4209
B,1,2,81,2.0415,11.3212,0.8095,1.1025,,15.4432
B,1,2,82,2.1093,11.5209,0.8853,1.1174,,15.8287
B,1,2,83,2.1378,12.3252,0.9262,1.1061,,16.6693
B,1,2,84,1.9818,11.4429,1.1123,1.112,,15.8397
B,1,2,85,1.989,11.4613,0.8905,1.1566,,15.6918
B,1,2,86,1.9975,11.6493,0.9466,1.2256,,15.9963
B,1,2,87,2.0673,12.8931,0.8926,1.2422,,17.3245
B,1,2,88,2.0125,11.2005,0.8636,1.0681,,15.3215
B,1,2,89,2.0219,11.0651,0.8785,1.0924,,15.2299
B,1,2,90,2.0243,12.0801,0.6615,1.1,,16.062
B,1,2,91,1.98,11.2805,0.7279,1.0716,,15.2312
B,1,2,92,2.0637,11.8143,0.8433,1.1199,,16.0307
B,1,2,93,2.4326,13.0986,0.7669,1.213,,17.7153
B,1,2,94,2.5406,11.7449,0.6602,1.1222,,16.256
B,1,2,95,2.5671,12.9527,0.6801,1.2669,,17.6746
B,1,2,96,2.0641,11.9136,0.8491,1.1543,,16.2036
B,1,2,97,2.0437,12.6749,0.8832,1.1761,,17.01
B,1,2,98,2.3044,13.7521,0.7815,1.1546,,18.3041
B,1,2,99,2.0449,12.8552,0.7509,1.1843,,17.0606
B,1,2,100,2.3019,12.4067,0.7966,1.556,,17.3327
B,1,2,101,2.0424,12.9301,0.8478,1.2005,,17.2625
B,1,2,102,2.8968,15.2487,0.8413,1.2108,,20.4566
B,1,2,103,2.24,12.1038,0.8428,1.3226,,16.7593
B,1,2,104,2.0424,14.1463,0.7568,1.152,,18.3284
B,1,2,105,2.3554,13.783,0.8519,1.3339,,18.5707
B,1,2,106,2.1723,14.9266,0.7285,1.1784,,19.2333
B,1,2,107,2.0462,12.5915,0.6772,1.1553,,16.6887
B,1,2,108,2.1652,13.1579,0.7546,1.1809,,17.4763
B,1,2,109,1.9957,33.2543,0.7422,1.2416,,37.457
B,1,2,110,2.2262,30.8422,0.6941,1.1955,,35.1848
B,1,2,111,2.6563,54.8787,0.9561,1.7412,,60.5955
B,1,2,112,2.9134,13.1461,0.6803,1.1941,,18.2409
B,1,2,113,2.0943,12.3815,0.6521,1.2072,,16.5851
B,1,2,114,2.7311,14.4242,0.6758,1.1826,,19.272
B,1,2,115,2.2525,12.5259,0.6636,1.8656,,17.5463
B,1,2,116,2.1708,13.4518,0.6687,1.2447,,17.8662
B,1,2,117,2.5127,12.7097,0.9831,1.3435,,17.873
B,1,2,118,1.977,13.6084,0.6596,1.4062,,17.8952
B,1,2,119,2.364,12.4159,0.8521,1.2394,,17.1285
B,1,2,120,2.081,12.9414,0.6455,1.1904,,17.1013
B,1,2,121,2.644,13.9957,0.6801,1.2231,,18.8181
B,1,2,122,2.3977,12.6794,0.6455,1.4333,,17.3529
B,1,2,123,2.0526,13.5127,0.6495,1.2224,,17.6569
B,1,2,124,2.2688,11.9283,0.6469,1.2179,,16.2782
B,1,2,125,2.5623,11.6889,0.6554,1.5047,,16.6421
B,1,2,126,2.0515,13.1656,0.6569,1.2482,,17.3694
B,1,2,127,2.5777,12.4051,0.6656,1.3984,,17.2684
B,1,2,128,2.0388,12.056,0.6817,1.2603,,16.2557
B,1,2,129,2.0196,12.4986,0.6388,1.2386,,16.5922
B,1,2,130,2.2923,13.0217,0.6615,1.5178,,17.8261
B,1,2,131,2.1259,12.9765,0.7063,1.2697,,17.3141
B,1,2,132,2.5874,12.723,0.784,1.2755,,17.6281
B,1,2,133,2.0435,12.646,0.7134,1.2688,,16.8997
B,1,2,134,2.5046,12.2642,0.675,1.6397,,17.3193
B,1,2,135,2.1869,16.5518,0.9546,1.3045,,21.2339
B,1,2,136,2.1363,13.363,0.6147,1.2923,,17.6344
B,1,2,137,2.4821,12.5375,0.8715,1.3173,,17.45
B,1,2,138,2.1334,12.7369,0.6238,1.2492,,16.9533
B,1,2,139,2.2906,12.1937,0.7208,1.5002,,16.9317
B,1,2,140,2.144,11.9645,0.7879,1.343,,16.4572
B,1,2,141,2.1826,16.339,1.1098,1.4648,,21.279
B,1,2,142,2.8802,14.5431,1.0673,1.5685,,20.4205
B,1,2,143,2.2496,14.0967,1.2596,1.5231,,19.4075
B,1,2,144,2.971,12.6806,1.1139,1.3786,,18.4646
B,1,2,145,2.0536,13.2558,0.7364,1.4623,,17.7583
B,1,2,146,2.9952,12.5532,1.0108,1.4761,,18.332
B,1,2,147,2.4442,13.8855,0.8381,1.3779,,18.8236
B,1,2,148,1.9577,12.9438,0.6823,1.3199,,17.1405
B,1,2,149,2.4153,12.9854,0.9171,1.4581,,18.0396
B,1,2,150,2.1725,13.7485,0.688,1.6822,,18.5633
B,1,2,151,2.133,15.0283,0.721,1.5782,,19.7146
B,1,2,152,2.2814,19.1476,0.7,1.3766,,23.7839
B,1,2,153,2.5789,14.5651,0.7651,1.3883,,19.5897
B,1,2,154,2.4094,15.4609,0.6864,1.3893,,20.1615
B,1,2,155,2.7894,16.6292,1.1105,2.0977,,22.9451
B,1,2,156,2.2303,17.4813,1.0062,2.1179,,23.1973
B,1,2,157,2.8042,16.6195,1.1392,1.6147,,22.4092
B,1,2,158,3.1007,19.391,1.1147,1.4755,,25.4204
B,1,2,159,2.9927,16.0362,0.6534,1.3593,,21.2714
B,1,2,160,2.6531,12.9844,1.134,2.079,,19.1956
B,1,2,161,2.3994,15.088,0.7539,1.5058,,19.9913
B,1,2,162,2.8151,16.4026,0.9392,2.2329,,22.7389
B,1,2,163,2.1618,14.9332,0.7614,1.9488,,20.0872
B,1,2,164,2.3802,17.9301,0.6915,1.4205,,22.664
B,1,2,165,2.637,14.276,0.6839,1.359,,19.256
B,1,2,166,2.3829,12.4585,0.8831,1.6487,,17.6688
B,1,2,167,2.0079,14.8799,0.675,1.8733,,19.6772
B,1,2,168,2.4997,14.764,0.6897,1.6946,,19.8944
B,1,2,169,2.1554,12.7453,0.7643,1.3754,,17.3067
B,1,2,170,2.107,12.3618,0.7044,1.5151,,16.8809
B,1,2,171,2.0924,12.3955,0.9429,1.3875,,17.0264
B,1,2,172,1.971,12.8322,0.6893,1.7885,,17.4944
B,1,2,173,2.4449,16.3125,0.6844,2.0251,,21.7251
B,1,2,174,2.4691,14.4075,0.9774,1.898,,20.0959
B,1,2,175,2.1835,13.982,0.7475,1.6329,,18.7981
B,1,2,176,2.1407,12.7538,0.8064,1.4183,,17.3552
B,1,2,177,2.0297,16.8287,1.2764,2.2554,,22.7289
B,1,2,178,2.6341,17.0165,0.7911,1.7526,,22.4672
B,1,2,179,2.4843,15.9805,1.2015,2.9815,,22.9689
B,1,2,180,3.2013,18.484,0.7483,2.1954,,24.8716
B,1,2,181,2.6844,17.3257,0.7847,1.4422,,22.5313
B,1,2,182,2.4394,22.5378,1.9211,7.9531,,35.3766
B,1,2,183,6.6246,16.5903,0.7947,5.2115,,29.7479
B,1,2,184,5.5129,13.6673,0.975,2.1773,,22.5669
B,1,2,185,2.6058,16.5574,1.1955,1.595,,22.1892
B,1,2,186,3.1332,15.2795,1.0615,2.1213,,21.9206
B,1,2,187,3.2259,16.4515,1.4858,1.6119,,23.0736
B,1,2,188,3.4954,15.6681,0.7207,1.8649,,22.014
B,1,2,189,2.1084,13.5389,0.684,1.4659,,18.007
B,1,2,190,2.8276,14.8535,1.0951,2.1944,,21.3393
B,1,2,191,2.9571,16.6077,1.8728,2.1685,,23.9406
B,1,2,192,2.946,16.6683,0.8776,2.3226,,23.1482
B,1,2,193,2.6544,16.3032,1.4729,2.5549,,23.3306
B,1,2,194,2.1336,16.4309,0.7825,1.7406,,21.3279
B,1,2,195,2.3397,16.809,0.7597,1.4511,,21.5748
B,1,2,196,2.1658,14.9947,0.837,1.536,,19.8359
B,1,2,197,2.6412,13.0681,0.6893,1.7759,,18.3941
B,1,2,198,2.4085,14.513,0.9932,2.0082,,20.2886
B,1,2,199,2.3921,17.6614,0.8052,2.5083,,23.6644
B,1,2,200,2.5534,16.5708,1.3409,2.0902,,22.8701
B,1,2,201,3.4995,15.802,0.9106,2.6602,,23.1993
B,1,2,202,2.1498,15.6874,1.1562,2.3393,,21.6455
B,1,2,203,3.9235,16.3885,1.0709,2.1515,,23.9083
B,1,2,204,2.529,14.3888,0.8966,1.8219,,19.865
B,1,2,205,2.149,14.8102,0.7585,1.8152,,19.8657
B,1,2,206,1.9414,13.4567,0.7444,1.8327,,18.2105
B,1,2,207,3.1403,16.2255,1.6492,1.5408,,22.7905
B,1,2,208,2.1939,13.8122,0.8914,2.4265,,19.6969
B,1,2,209,2.8176,14.4807,1.5651,1.564,,20.6985
B,1,2,210,2.3906,16.2384,0.7614,1.7735,,21.3974
B,1,2,211,2.9231,16.173,0.8604,1.7284,,21.9682
B,1,2,212,1.9075,13.7218,1.2426,1.5603,,18.667
B,1,2,213,2.4782,14.8403,0.7424,1.9003,,20.2397
B,1,2,214,2.2565,14.8184,1.4958,2.2705,,21.2066
B,1,2,215,2.2156,14.2404,1.1175,1.5631,,19.369
B,1,2,216,2.2216,14.3206,0.7266,1.4894,,18.9744
B,1,2,217,2.0846,14.8014,0.7538,1.2929,,19.162
B,1,2,218,2.5976,13.6523,0.7828,1.0348,,18.3328
B,1,2,219,2.2952,13.2143,0.73,1.2892,,17.759
B,1,2,220,2.0233,13.7323,0.6592,1.1246,,17.7659
B,1,2,221,2.2539,13.1582,0.6739,1.4749,,17.787
B,1,2,222,2.0989,14.0165,0.6763,1.0685,,18.1045
B,1,2,223,2.4034,12.7707,1.0115,1.1814,,17.6204
B,1,2,224,2.6009,18.3079,0.6778,1.2804,,23.1375
B,1,2,225,2.1828,13.2607,0.8039,1.0906,,17.5899
B,1,2,226,2.0814,15.3674,0.7744,1.185,,19.6806
B,1,2,227,2.2142,13.4026,0.7261,1.3754,,18.0312
B,1,2,228,2.1654,14.177,0.712,1.1319,,18.4462
B,1,2,229,2.9171,13.3986,0.7616,1.3219,,18.672
B,1,2,230,2.3263,17.0908,0.6887,1.1735,,21.5269
B,1,2,231,2.4328,14.8826,0.8025,1.2866,,19.7584
B,1,2,232,2.68,13.3517,1.0046,1.2213,,18.6214
B,1,2,233,2.1849,14.7648,0.7729,1.2351,,19.2158
B,1,2,234,2.5828,13.1635,0.7399,1.1066,,17.8618
B,1,2,235,2.4518,12.7182,0.7852,1.189,,17.4162
B,1,2,236,2.0172,13.2021,0.684,1.129,,17.2592
B,1,2,237,2.6172,13.4501,0.8563,1.2392,,18.4285
B,1,2,238,2.4688,14.3954,1.0854,1.5405,,19.7932
B,1,2,239,2.7542,13.6009,0.7083,1.2806,,18.764
B,1,2,240,1.9984,14.2377,0.6689,1.1315,,18.2628
B,1,2,241,2.3092,15.565,0.6911,1.1931,,19.9857
B,1,2,242,2.4808,13.7374,0.7891,1.1414,,18.4092
B,1,2,243,2.2352,12.4182,0.6623,1.1514,,16.6858
B,1,2,244,2.5793,12.8419,0.8961,1.2964,,17.9791
B,1,2,245,2.1165,13.9861,0.6628,1.5194,,18.6137
B,1,2,246,2.0212,13.774,0.6626,1.1566,,17.8454
B,1,2,247,2.3456,13.1461,1.1401,1.329,,18.1924
B,1,2,248,1.9977,13.0365,0.6503,1.1681,,17.0616
B,1,2,249,2.5506,12.5885,0.6803,1.1889,,17.2487
B,1,2,250,1.9912,12.8488,0.593,1.1567,,16.7951
B,1,2,251,2.3971,12.9997,0.5947,1.3437,,17.7065
B,1,2,252,2.0267,13.7108,0.5981,1.2166,,17.7639
B,1,2,253,2.1955,13.1975,0.7216,1.2594,,17.5594
B,1,2,254,2.014,12.4938,0.6266,1.1821,,16.5279
B,1,2,255,2.4596,12.0518,0.591,1.3542,,16.6937
B,1,2,256,2.4623,13.1799,0.6231,1.2321,,17.7556
B,1,2,257,2.5847,12.9742,0.6034,1.4703,,17.8996
B,1,2,258,2.1017,13.6081,0.6056,1.1993,,17.7277
B,1,2,259,2.2576,13.0043,0.6441,1.4339,,17.5359
B,1,2,260,2.0913,12.0636,0.6273,1.2257,,16.2474
B,1,2,261,2.1566,12.6349,0.5993,1.2094,,16.8042
B,1,2,262,2.3834,12.7619,0.6394,1.2923,,17.3226
B,1,2,263,2.0346,12.7971,0.6057,1.2285,,16.883
B,1,2,264,2.2664,12.2566,0.598,1.2488,,16.5874
B,1,2,265,2.2414,12.0837,0.6678,1.4017,,16.6585
B,1,2,266,1.9471,13.1381,0.6094,1.2485,,17.1661
B,1,2,267,2.1113,11.9529,0.6905,0.9815,,15.9402
B,1,2,268,2.495,12.6592,0.7612,0.9804,,17.1068
B,1,2,269,1.8992,11.4965,0.6586,0.9813,,15.2381
B,1,2,270,1.9945,13.2319,0.5742,1.0201,,17.016
B,1,2,271,2.7235,15.6585,0.5633,0.9904,,20.1813
B,1,2,272,2.4409,12.0487,0.5572,1.1747,,16.4441
B,1,2,273,1.9698,11.9301,0.6864,1.0499,,15.8551
B,1,2,274,1.9227,12.9166,0.5676,0.9814,,16.6025
B,1,2,275,2.1015,12.8873,0.5521,1.0668,,16.8272
B,1,2,276,2.3061,14.3557,0.547,1.0523,,18.4705
C,1,3,20,2.5202,14.6366,0.6539,0.9024,11.6473,30.4354
C,1,3,21,2.1811,11.7494,0.6415,1.3764,15.3201,31.5144
C,1,3,22,2.5877,13.0072,0.6488,1.0771,14.9523,32.5302
C,1,3,23,2.506,13.5847,0.9445,1.0315,13.8072,32.3929
C,1,3,24,2.2137,13.6273,0.6943,1.0882,13.5537,31.4363
C,1,3,25,2.6557,14.7175,0.6799,1.2588,13.475,33.0669
C,1,3,26,2.7622,15.8048,1.1821,1.2371,14.1545,35.4402
C,1,3,27,2.2692,14.8678,0.7394,1.5,13.8998,33.5629
C,1,3,28,2.0494,17.5043,0.7777,1.1352,12.8611,34.5881
C,1,3,29,3.1238,15.3594,0.6271,1.2538,14.5479,35.1373
C,1,3,30,2.5083,15.7613,0.7048,1.1748,16.8968,37.3257
C,1,3,31,2.1321,13.8421,0.9016,1.3071,12.2633,30.7714
C,1,3,32,2.3458,13.9923,1.4073,1.5339,13.5942,33.4407
C,1,3,33,2.0559,13.1433,0.6321,1.0481,12.833,29.9223
C,1,3,34,2.0814,13.2615,0.6431,1.0715,13.7574,31.0787
C,1,3,35,2.4429,16.1211,0.7835,1.1069,12.275,32.9749
C,1,3,36,2.1319,12.3064,0.7083,1.1181,11.5346,28.0525
C,1,3,37,2.2738,18.1244,1.0634,1.3988,12.0654,35.2689
C,1,3,38,2.4648,15.3457,0.5903,1.0867,12.4215,32.1589
C,1,3,39,2.1702,14.6963,0.5892,1.4259,13.2858,32.42
C,1,3,40,2.4609,14.8345,0.5887,1.0879,11.5303,30.7757
C,1,3,41,2.3529,11.2292,0.8138,1.3238,13.0267,29.0148
C,1,3,42,2.5154,15.7845,0.6004,1.1162,12.5595,32.8016
C,1,3,43,2.1479,14.5209,0.5935,1.2929,12.6391,31.4486
C,1,3,44,2.356,16.4021,0.6077,1.1989,12.2172,33.0337
C,1,3,45,2.1259,16.0959,0.6019,1.3791,12.5466,33.0235
C,1,3,46,2.8371,12.8197,0.7901,1.2115,11.5933,29.54
C,1,3,47,2.7758,18.2837,0.9718,1.2511,12.2725,35.7939
C,1,3,48,2.4512,17.7658,1.0268,1.239,11.9686,34.7365
C,1,3,49,2.7727,15.0919,0.6621,1.1938,12.5786,32.5765
C,1,3,50,2.1259,16.7131,0.9254,1.3364,12.1993,33.5779
C,1,3,51,2.3155,15.9614,0.6902,1.9704,11.6803,32.8875
C,1,3,52,2.6099,13.4281,0.7491,1.7908,12.2235,31.1673
C,1,3,53,3.1279,15.0068,0.6237,1.2523,11.6284,31.9209
C,1,3,54,2.2908,12.6192,0.596,1.1789,11.1058,28.0531
C,1,3,55,2.8553,16.338,0.6195,1.8242,11.4974,33.4145
C,1,3,56,2.0958,14.0292,0.7267,1.3036,12.4123,30.849
C,1,3,57,2.5028,16.3191,0.7005,1.5375,12.1198,33.4794
C,1,3,58,2.2752,15.5271,0.802,1.3421,11.2713,31.4854
C,1,3,59,2.5976,13.4463,0.7784,1.3562,11.1654,29.6075
C,1,3,60,2.1936,12.0492,0.7794,1.2355,15.1898,31.7012
C,1,3,61,2.221,12.4083,1.0325,1.2167,11.7824,28.9293
C,1,3,62,2.6286,12.9598,0.8458,0.9871,12.4459,30.0961
C,1,3,63,2.1911,11.6543,0.5988,0.9856,11.9464,27.6229
C,1,3,64,2.6268,15.4275,0.788,1.0352,11.562,31.7122
C,1,3,65,2.5353,12.4703,0.7832,1.0424,12.0635,29.1587
C,1,3,66,2.1053,14.9931,0.9108,1.0992,11.2454,30.577
C,1,3,67,2.5238,14.7339,0.8165,0.9801,11.4976,30.7919
C,1,3,68,2.3122,14.4646,0.6093,0.9916,11.3915,30.0177
C,1,3,69,2.5895,14.3348,0.6374,0.9981,11.819,30.6121
C,1,3,70,2.1773,11.1507,0.7505,1.0519,11.2028,26.5727
C,1,3,71,2.1392,13.7829,0.6624,1.058,11.695,29.5967
C,1,3,72,2.2154,14.04,0.6594,1.0185,11.0237,29.2075
C,1,3,73,2.0602,11.2928,0.7278,0.997,10.888,26.2094
C,1,3,74,2.1103,14.0863,0.9038,1.0551,11.2529,29.6494
C,1,3,75,2.0554,11.4684,0.9317,1.1152,10.6243,26.43
C,1,3,76,2.2223,15.1168,0.7078,1.0731,11.2502,30.7329
C,1,3,77,2.4392,11.7105,0.7355,1.138,10.8763,27.1316
C,1,3,78,2.2699,12.1709,0.8316,1.0826,10.6078,27.1983
C,1,3,79,2.4041,19.2721,1.1519,1.3106,11.3862,36.0046
C,1,3,80,2.2884,18.0827,0.8319,1.881,13.0073,36.3733
C,1,3,81,2.4941,64.3958,0.8782,1.1474,11.9406,81.1271
C,1,3,82,2.533,11.9847,0.8798,1.1054,10.5426,27.3116
C,1,3,83,2.1323,11.579,0.8891,1.1326,10.7916,26.7659
C,1,3,84,2.1655,12.1792,1.3869,1.2612,13.537,30.8742
C,1,3,85,2.1239,11.4028,0.9222,1.1348,10.3923,26.2236
C,1,3,86,2.1162,14.1425,0.9974,1.1571,10.7312,29.4155
C,1,3,87,2.5768,12.193,0.9042,1.0856,11.3728,28.4072
C,1,3,88,2.1066,13.3488,0.847,1.0741,10.8278,28.4507
C,1,3,89,2.8176,15.2034,0.6957,1.0878,11.0765,31.0995
C,1,3,90,2.1428,14.1173,0.6678,1.0971,15.0501,33.3227
C,1,3,91,2.6847,13.4132,0.7993,1.1288,11.5999,29.88
C,1,3,92,2.1629,12.6003,0.9207,1.1506,11.1706,28.2598
C,1,3,93,2.1346,14.4639,0.6881,1.3061,11.7371,30.5746
C,1,3,94,2.0508,11.3829,0.6953,1.1032,11.9718,27.4386
C,1,3,95,2.17,11.3388,0.6803,1.1587,12.0755,27.6534
C,1,3,96,2.0816,12.8725,0.7193,1.1197,11.18,28.2196
C,1,3,97,2.6023,11.9688,0.84,1.1418,11.6431,28.4343
C,1,3,98,2.2645,11.351,0.7092,1.1515,11.289,27.0577
C,1,3,99,2.1284,12.4788,0.7302,1.1721,10.8077,27.5688
C,1,3,100,2.3455,13.306,0.9017,1.4066,10.898,29.097
C,1,3,101,2.5782,11.4063,1.0028,1.2125,11.1394,27.6138
C,1,3,102,2.2069,12.7612,1.2048,1.6778,14.4517,32.6378
C,1,3,103,2.7339,15.1701,0.863,1.2695,11.5255,31.843
C,1,3,104,2.3956,15.5883,0.7474,1.2618,11.65,31.9279
C,1,3,105,2.111,11.517,0.7103,1.1966,11.7285,27.5047
C,1,3,106,3.0215,11.5155,0.6901,1.3092,10.7472,27.5272
C,1,3,107,2.0677,11.2552,0.6786,1.1749,10.8528,26.2469
C,1,3,108,2.1473,11.9205,0.6574,1.1605,10.1584,26.286
C,1,3,109,2.2189,12.063,0.9355,1.5848,10.5378,27.6706
C,1,3,110,2.2039,13.6316,0.661,1.19,10.619,28.5753
C,1,3,111,2.1137,14.4808,0.7166,1.1436,10.3705,29.0724
C,1,3,112,2.319,12.2209,0.7638,1.1857,10.6027,27.3532
C,1,3,113,2.1344,12.7627,0.6483,1.1825,10.9043,27.8888
C,1,3,114,2.5676,11.7783,0.7315,1.1995,10.732,27.2629
C,1,3,115,2.5945,13.0254,0.6502,1.2575,12.205,30.0281
C,1,3,116,2.1917,13.9704,0.6545,1.3523,12.0693,30.4944
C,1,3,117,2.6185,14.2114,0.699,1.2026,11.5332,30.5137
C,1,3,118,2.4307,13.5174,0.8053,1.2651,11.7413,30.0337
C,1,3,119,2.4552,12.2209,0.7781,1.2497,10.7621,27.7839
C,1,3,120,2.4568,13.171,0.7204,1.3,15.7038,33.597
C,1,3,121,2.6774,13.2128,0.6581,1.1948,11.7865,29.7455
C,1,3,122,2.4387,13.8015,0.6558,1.2095,12.4028,30.7796
C,1,3,123,2.4669,12.1777,0.7089,1.2383,12.0333,28.8606
C,1,3,124,2.3447,12.941,0.8215,1.266,12.1206,29.7461
C,1,3,125,2.3415,14.8142,0.6662,1.252,12.5909,31.9927
C,1,3,126,2.5626,13.7534,0.6588,1.2229,11.7083,30.1851
C,1,3,127,2.199,14.9528,0.6526,1.6929,11.1584,30.9084
C,1,3,128,2.192,14.2731,0.6457,1.3007,11.7606,30.4223
C,1,3,129,2.6555,14.2325,0.7991,1.389,12.0247,31.3582
C,1,3,130,2.5789,14.7808,0.6559,1.2714,11.698,31.2644
C,1,3,131,2.4346,15.104,0.6925,1.7122,11.6168,31.8385
C,1,3,132,2.4932,12.5271,0.6441,1.2813,10.9403,28.136
C,1,3,133,2.1497,11.5987,0.8857,1.2324,11.5001,27.6113
C,1,3,134,2.43,14.1143,1.0765,1.2749,10.8829,30.0728
C,1,3,135,2.6634,12.1348,0.6055,1.2669,10.6734,27.5917
C,1,3,136,2.1423,13.4395,0.62,1.3149,10.7452,28.5173
C,1,3,137,2.2352,12.46,0.5995,1.2856,11.3466,28.2227
C,1,3,138,2.0653,11.219,0.6228,1.2325,10.9794,26.34
C,1,3,139,2.3239,12.9996,0.7029,1.2309,10.678,28.1779
C,1,3,140,2.222,13.6259,0.7524,1.339,12.304,30.4956
C,1,3,141,2.3131,12.8852,0.7794,1.3745,12.1215,29.7587
C,1,3,142,2.5966,13.6484,0.6759,1.3841,10.7149,29.2763
C,1,3,143,2.0905,13.2148,0.676,1.3139,10.6518,28.195
C,1,3,144,2.0622,11.3817,0.6796,1.4452,10.542,26.3407
C,1,3,145,2.0757,13.7116,0.7315,1.2851,10.1486,28.2023
C,1,3,146,2.4187,14.1496,0.6902,1.329,10.8199,29.775
C,1,3,147,2.3575,12.012,0.6819,1.5672,10.6621,27.5558
C,1,3,148,2.1382,13.9728,0.6626,1.3142,10.4758,28.8073
C,1,3,149,2.1495,14.3543,0.6862,1.3055,11.0446,29.8049
C,1,3,150,2.4997,14.0257,0.6723,1.2977,16.0572,34.8069
C,1,3,151,2.082,12.6435,0.6762,1.3677,12.6475,29.6666
C,1,3,152,2.125,11.4488,0.6563,1.3846,11.5932,27.4573
C,1,3,153,2.387,12.2939,0.6712,1.3259,12.9096,29.8628
C,1,3,154,2.0527,11.1924,0.6695,1.3128,11.3475,26.8095
C,1,3,155,2.1082,11.1654,0.6652,1.2997,13.017,28.4866
C,1,3,156,2.9866,14.7037,0.6823,1.3038,11.7225,31.6405
C,1,3,157,2.5357,14.287,0.6592,1.3388,11.3226,30.4026
C,1,3,158,2.0543,10.9978,0.6788,1.5894,12.3567,27.9028
C,1,3,159,2.6568,14.1182,0.9102,1.4004,11.1306,30.4717
C,1,3,160,2.5901,12.234,0.6707,1.6304,10.9827,28.3648
C,1,3,161,2.1548,11.0014,0.7238,1.3262,11.2088,26.653
C,1,3,162,2.1943,11.2509,0.649,1.3381,11.035,26.7047
C,1,3,163,2.1113,12.0366,0.7508,1.3704,11.2953,27.8106
C,1,3,164,2.175,12.8223,0.6474,1.6175,11.9946,29.5205
C,1,3,165,2.0742,13.3309,0.6608,1.5343,12.1322,29.9735
C,1,3,166,2.1812,12.7045,0.6809,1.4098,11.6097,28.8486
C,1,3,167,2.1597,15.618,0.7716,1.4823,10.8882,31.226
C,1,3,168,2.5887,11.4094,0.7721,1.3615,10.2633,26.6589
C,1,3,169,2.2515,11.1964,0.7257,1.6204,10.0859,26.1201
C,1,3,170,2.4204,11.5399,0.7513,1.4465,10.4971,26.9199
C,1,3,171,2.1952,15.1023,0.7355,1.5424,10.6961,30.53
C,1,3,172,2.2169,11.6815,0.6797,1.3741,10.4175,26.6633
C,1,3,173,2.2353,12.6778,1.0362,1.433,10.8478,28.4938
C,1,3,174,2.0734,12.0865,0.7329,1.4741,10.2199,26.8908
C,1,3,175,2.2774,12.7288,0.6924,1.4078,11.2958,28.672
C,1,3,176,2.1055,11.5147,0.6931,1.4104,11.6236,27.6152
C,1,3,177,2.0007,11.3734,0.751,1.3976,11.9746,27.7523
C,1,3,178,2.5121,12.2209,0.6935,1.5288,11.4871,28.7149
C,1,3,179,2.3933,12.8087,0.6917,1.8708,10.8539,28.8938
C,1,3,180,2.0134,12.8568,0.6874,1.4285,15.7673,33.0429
C,1,3,181,2.5296,12.5229,0.6836,1.5892,11.6578,29.2623
C,1,3,182,2.5751,11.8331,0.7098,1.5268,11.5516,28.4539
C,1,3,183,2.1633,11.6052,0.7191,1.4182,12.8984,29.0292
C,1,3,184,2.1492,12.406,0.6966,1.4308,11.4723,28.4201
C,1,3,185,2.3724,11.4397,0.6914,1.5168,11.9682,28.2626
C,1,3,186,2.2438,12.3855,0.7012,1.6798,11.4227,28.7059
C,1,3,187,2.2342,11.9929,0.6635,1.4255,10.9127,27.5058
C,1,3,188,2.3637,12.4999,0.8071,1.4553,11.3044,28.6966
C,1,3,189,2.1883,13.1072,0.6849,1.7907,13.2458,31.296
C,1,3,190,2.8779,12.6635,0.7676,1.595,10.8924,29.1385
C,1,3,191,2.265,11.7853,0.6887,1.5726,11.0625,27.6366
C,1,3,192,1.9719,11.5379,0.7181,1.4828,10.5614,26.538
C,1,3,193,2.183,13.3258,0.6845,1.6727,10.9464,29.1014
C,1,3,194,1.9922,11.7112,0.7516,1.4709,10.6859,26.8671
C,1,3,195,2.4248,12.3785,0.71,1.6804,10.4861,27.9766
C,1,3,196,2.1244,11.8045,0.6791,1.4774,10.6056,26.9572
C,1,3,197,2.4309,11.6583,0.6621,1.5623,10.6337,27.1989
C,1,3,198,2.0439,11.7455,0.7317,1.521,10.3851,26.7002
C,1,3,199,2.1432,11.6478,0.7149,1.4833,10.5425,26.8328
C,1,3,200,2.4931,13.1467,0.6871,1.4724,11.533,29.5996
C,1,3,201,2.3396,13.2116,0.694,1.467,11.4223,29.4143
C,1,3,202,2.2039,11.5395,0.7471,1.4954,10.903,27.1412
C,1,3,203,2.0002,11.464,0.8263,1.471,10.6437,26.6495
C,1,3,204,2.5598,11.7044,0.744,1.4728,10.3496,27.1141
C,1,3,205,2.1694,11.3049,0.875,1.5525,10.0205,26.2124
C,1,3,206,2.1516,12.5424,0.7584,2.257,11.154,29.1322
C,1,3,207,2.1502,11.7478,1.1739,1.5132,10.2308,27.0904
C,1,3,208,2.0271,12.5526,0.8173,1.5593,10.4696,27.6856
C,1,3,209,2.1204,11.4596,0.755,1.6142,10.9743,27.184
C,1,3,210,2.0743,13.5348,1.1443,2.4982,19.1611,38.7321
C,1,3,211,2.4671,16.0368,1.0398,1.622,14.6176,36.0329
C,1,3,212,3.0459,14.264,1.2225,1.5311,11.216,31.5457
C,1,3,213,2.7332,12.5362,0.8737,1.5103,12.534,30.4703
C,1,3,214,2.4772,11.5612,1.113,1.7798,11.2788,28.4656
C,1,3,215,2.0816,11.985,0.8422,1.2983,12.3551,28.8211
C,1,3,216,2.1273,11.2711,0.7268,1.3201,11.6919,27.4104
C,1,3,217,2.6237,11.8506,0.7052,1.3653,11.1756,27.9671
C,1,3,218,2.1703,13.2227,0.7343,1.1233,11.4925,28.9994
C,1,3,219,2.0403,11.9406,0.8296,1.0884,11.0604,27.2566
C,1,3,220,2.2789,12.8976,0.6602,1.1348,11.0118,28.2483
C,1,3,221,2.0344,12.2493,0.671,1.0666,11.0034,27.2781
C,1,3,222,2.1019,11.6671,0.6528,1.1041,11.4823,27.2483
C,1,3,223,2.7308,18.2894,0.6518,1.1125,11.3694,34.3787
C,1,3,224,2.2414,12.8943,0.6708,1.0897,11.5757,28.7382
C,1,3,225,2.1693,14.7949,0.663,1.092,11.5573,30.5231
C,1,3,226,2.2498,12.1827,0.7547,1.1886,11.3082,27.9455
C,1,3,227,2.0148,12.2614,0.6623,1.1269,10.7334,27.0758
C,1,3,228,2.1106,14.1662,0.6627,1.1031,10.1051,28.4041
C,1,3,229,2.2381,11.9187,0.6561,1.1825,10.633,26.8949
C,1,3,230,2.7374,16.2245,0.7322,1.174,10.4531,31.5875
C,1,3,231,2.194,14.7162,0.6597,1.2819,10.2745,29.3657
C,1,3,232,2.0861,12.9371,0.6695,1.1172,10.3421,27.402
C,1,3,233,2.5939,16.8908,0.6822,1.6549,13.6632,35.7151
C,1,3,234,3.0087,15.1768,0.7034,1.2274,11.0765,31.5099
C,1,3,235,2.1522,16.1585,1.1519,1.7932,14.9496,36.5396
C,1,3,236,2.549,26.5468,0.7622,1.6296,12.2407,44.0569
C,1,3,237,2.024,15.2106,0.6611,1.4003,11.8598,31.4757
C,1,3,238,2.1882,12.1772,0.6975,1.1308,10.6629,27.1147
C,1,3,239,2.1576,13.3353,0.7055,1.1762,10.5846,28.2327
C,1,3,240,2.6455,18.1328,0.8748,1.4751,19.176,42.6332
C,1,3,241,2.2211,16.0189,0.8291,1.343,12.3635,33.0587
C,1,3,242,2.522,13.1959,0.7435,1.2525,11.9291,29.9123
C,1,3,243,2.2879,12.5258,0.7263,1.2312,12.1527,29.2981
C,1,3,244,2.3326,14.114,0.7149,1.2581,12.7565,31.5199
C,1,3,245,2.6991,17.1769,0.7808,1.474,12.1762,34.5541
C,1,3,246,2.2439,15.6716,0.6646,1.1934,11.9512,31.9973
C,1,3,247,2.1278,12.3773,0.653,1.7281,12.0433,29.1728
C,1,3,248,2.0546,21.1704,0.7204,1.2124,11.6855,37.097
C,1,3,249,2.2962,12.803,0.6415,1.2377,12.2484,29.5485
C,1,3,250,2.1723,16.502,0.6343,1.3533,12.1525,33.115
C,1,3,251,2.3967,13.6215,0.5945,1.3867,11.2752,29.5514
C,1,3,252,2.1873,12.7176,0.5983,1.1896,10.2202,27.1769
C,1,3,253,2.1938,14.0968,0.59,1.4595,10.6817,29.3285
C,1,3,254,2.1156,12.6725,0.6069,1.2031,11.1785,28.0382
C,1,3,255,2.6792,14.1036,0.5998,1.1985,10.4914,29.3484
C,1,3,256,2.8441,13.6429,0.6037,1.2096,10.4778,29.0001
C,1,3,257,2.2751,13.8985,0.7741,1.3186,10.6811,29.2077
C,1,3,258,1.982,12.5577,0.6031,1.2155,10.3359,26.9414
C,1,3,259,2.3322,13.0749,0.6082,1.2417,10.2214,27.7191
C,1,3,260,2.0923,14.0037,0.5967,1.3726,11.5595,29.901
C,1,3,261,2.1195,14.9019,0.8858,1.2338,11.7836,31.1757
C,1,3,262,2.3863,13.0061,0.5861,1.4112,10.7049,28.348
C,1,3,263,2.0667,15.5133,0.7472,1.2325,10.6181,30.4471
C,1,3,264,2.3097,14.2588,0.5972,1.3762,10.2019,29.0176
C,1,3,265,2.288,14.384,0.5871,1.4297,10.9214,29.8991
C,1,3,266,1.8978,16.1906,0.8253,1.5058,10.6893,31.3874
C,1,3,267,1.9253,16.6829,0.7705,1.1145,10.3803,31.1464
C,1,3,268,2.4228,12.9763,0.8269,1.1421,10.9344,28.6053
C,1,3,269,1.9818,14.2154,0.8143,1.6072,11.0747,30.0186
C,1,3,270,1.9827,14.3043,0.5834,1.2109,16.7941,35.1164
C,1,3,271,2.0056,16.8259,0.5574,1.0031,12.1418,32.7755
C,1,3,272,2.0494,12.7016,0.5453,1.071,11.6264,28.2561
C,1,3,273,2.1993,15.9714,0.5507,0.9978,13.2608,33.2477
C,1,3,274,1.9403,14.0618,0.5545,1.052,11.213,29.0817
C,1,3,275,2.0339,14.0924,0.5702,1.0076,12.4753,30.4402
C,1,3,276,2.2327,13.4927,0.5473,1.017,11.8897,29.4497
B,2,4,20,2.7858,27.0382,1.0801,1.7193,,32.7717
B,2,4,21,2.8893,23.6875,1.1156,12.545,,40.5916
B,2,4,22,3.5616,24.7493,1.0535,1.444,,31.084
B,2,4,23,2.7891,28.2385,0.9368,2.592,,35.2759
B,2,4,24,3.433,23.9183,0.9629,1.5048,,30.1592
B,2,4,25,2.896,23.7267,1.7007,1.8595,,30.5722
B,2,4,26,2.9062,25.2024,0.9794,1.3747,,30.7972
B,2,4,27,3.0993,16.9571,0.9554,1.372,,22.7461
B,2,4,28,2.1798,17.3667,0.6516,1.0609,,21.5219
B,2,4,29,2.6349,18.1594,1.2228,1.2789,,23.5596
B,2,4,30,3.1437,15.6519,0.6641,1.776,,21.4754
B,2,4,31,2.7169,15.759,0.669,1.1448,,20.5313
B,2,4,32,2.7829,18.22,0.9026,1.1525,,23.2802
B,2,4,33,2.6616,16.955,1.0793,1.8184,,22.8425
B,2,4,34,3.0232,16.1768,0.9655,1.1768,,21.6321
B,2,4,35,2.8824,14.3932,0.9551,1.6617,,20.2566
B,2,4,36,2.7574,17.8655,0.6448,1.3454,,22.9228
B,2,4,37,2.4069,15.0795,0.7338,1.4995,,19.9854
B,2,4,38,2.7025,15.582,0.5831,1.5264,,20.6594
B,2,4,39,2.368,15.4143,0.7104,1.5463,,20.2508
B,2,4,40,2.3431,16.5936,1.761,2.2833,,23.4159
B,2,4,41,3.2112,19.6636,0.7579,1.2431,,25.1522
B,2,4,42,2.6335,14.4588,0.643,1.3457,,19.3635
B,2,4,43,3.1549,17.6888,0.8172,1.8312,,23.8067
B,2,4,44,2.8777,15.5618,0.6307,1.2478,,20.5959
B,2,4,45,2.4726,14.1056,0.7872,1.2166,,18.8292
B,2,4,46,2.0161,15.312,0.9102,1.2048,,19.6844
B,2,4,47,2.0261,14.1102,0.5811,1.4771,,18.4442
B,2,4,48,2.1985,12.8826,0.8158,1.17,,17.324
B,2,4,49,2.6701,13.5638,0.7694,1.2596,,18.5965
B,2,4,50,2.0653,13.0102,0.5898,1.2079,,17.1226
B,2,4,51,2.6162,12.772,0.8658,1.5428,,18.1012
B,2,4,52,1.9959,13.9111,0.5831,1.2677,,18.0012
B,2,4,53,2.7723,14.448,0.5814,1.1956,,19.2595
B,2,4,54,2.5204,15.0441,0.6334,1.1917,,19.628
B,2,4,55,2.8267,13.5511,0.8264,1.3835,,18.8017
B,2,4,56,2.13,14.9953,0.9501,1.5039,,19.9562
B,2,4,57,2.2703,15.1009,0.9784,1.4007,,20.0498
B,2,4,58,2.5077,17.1974,0.8013,1.4009,,22.2219
B,2,4,59,2.7002,14.9033,0.7242,1.5431,,20.115
B,2,4,60,2.9722,16.1766,1.0958,1.6069,,22.2134
B,2,4,61,2.1648,14.3926,0.8819,1.7507,,19.5163
B,2,4,62,2.2166,14.4189,0.7269,1.4505,,19.07
B,2,4,63,2.4963,14.1251,0.6238,1.3465,,18.8788
B,2,4,64,2.6945,14.4038,0.661,1.0193,,19.0345
B,2,4,65,2.6475,13.7786,1.3134,1.1389,,19.2079
B,2,4,66,2.722,13.6533,1.7839,1.0951,,19.699
B,2,4,67,2.2655,17.7077,0.7619,1.2168,,22.2402
B,2,4,68,2.7282,14.2085,0.6264,1.0574,,18.896
B,2,4,69,2.6392,15.1828,0.6708,1.0224,,19.8001
B,2,4,70,2.4545,13.4828,1.4597,1.0147,,18.7225
B,2,4,71,2.0704,14.1264,0.6807,1.2672,,18.3979
B,2,4,72,2.1516,15.6334,0.7763,1.3635,,20.3071
B,2,4,73,2.1648,12.8451,0.7608,1.024,,17.0796
B,2,4,74,2.1869,14.6206,1.0017,1.5474,,19.6254
B,2,4,75,2.5032,16.5902,0.9617,1.795,,22.2329
B,2,4,76,2.7851,16.4859,1.1371,1.1163,,21.8235
B,2,4,77,2.0832,12.8881,0.7692,1.0797,,17.0604
B,2,4,78,2.2873,11.8797,0.7537,1.2295,,16.3923
B,2,4,79,1.9944,11.6311,0.9319,1.0995,,15.8765
B,2,4,80,2.0379,13.1857,0.7513,1.1244,,17.3246
B,2,4,81,2.6436,14.1084,0.8691,1.1438,,18.9955
B,2,4,82,2.0399,12.867,0.8686,1.3467,,17.3665
B,2,4,83,2.0521,12.6769,0.8775,1.1374,,16.9996
B,2,4,84,1.9787,15.6738,1.2986,1.1804,,20.3907
B,2,4,85,2.0522,14.5017,0.9794,1.208,,18.9971
B,2,4,86,2.4519,13.044,1.1317,1.1679,,18.0218
B,2,4,87,2.7879,16.112,1.0094,1.5163,,21.8983
B,2,4,88,2.6403,12.9989,0.9893,1.2998,,18.2015
B,2,4,89,2.8362,13.7432,1.0685,1.662,,19.6338
B,2,4,90,2.3936,13.9226,0.6768,1.409,,18.6712
B,2,4,91,2.568,14.103,0.8531,1.1964,,18.9446
B,2,4,92,2.068,14.6956,1.4099,1.1975,,19.6605
B,2,4,93,1.9587,13.2014,0.747,1.458,,17.607
B,2,4,94,2.5064,12.6629,1.0675,1.1835,,17.6744
B,2,4,95,2.8671,12.0782,0.7446,1.3722,,17.3476
B,2,4,96,2.6309,12.2903,1.127,1.1603,,17.5099
B,2,4,97,1.9882,11.7841,0.8228,1.2693,,16.0893
B,2,4,98,2.0093,13.1067,0.7268,1.3927,,17.467
B,2,4,99,2.0472,11.3785,0.7743,1.1654,,15.6381
B,2,4,100,2.4445,11.8412,0.7263,1.1733,,16.442
B,2,4,101,1.952,14.8801,0.9798,1.2102,,19.2673
B,2,4,102,2.0032,12.8822,0.8173,1.2094,,17.1426
B,2,4,103,2.1921,11.5934,0.7949,1.3718,,16.1908
B,2,4,104,1.9996,11.8454,0.8019,1.4925,,16.374
B,2,4,105,2.0008,11.7713,0.7267,1.1786,,15.9159
B,2,4,106,2.0005,13.3642,0.6813,1.3224,,17.6164
B,2,4,107,2.0632,13.9703,0.6827,1.1864,,18.1517
B,2,4,108,2.3295,14.8669,0.6767,1.1909,,19.3206
B,2,4,109,2.3852,11.989,0.6694,1.2009,,16.5329
B,2,4,110,2.3429,15.1941,0.6587,1.2278,,19.685
B,2,4,111,2.6256,13.6145,0.6576,1.1654,,18.3006
B,2,4,112,1.9197,11.5151,0.6939,1.1854,,15.5354
B,2,4,113,2.219,12.7627,0.6644,1.3912,,17.2707
B,2,4,114,1.9299,12.4635,1.0979,1.2645,,17.0733
B,2,4,115,2.3139,12.8811,0.6602,1.2098,,17.3241
B,2,4,116,2.8272,14.9799,0.9972,1.4367,,20.4747
B,2,4,117,2.5705,17.3108,0.8373,1.3547,,22.3345
B,2,4,118,2.339,13.7892,0.9949,1.6809,,19.2794
B,2,4,119,2.1234,14.6263,0.6383,1.5696,,19.2259
B,2,4,120,2.4418,13.4635,0.6707,1.2408,,18.0913
B,2,4,121,2.9121,16.0377,0.6435,1.3894,,21.2754
B,2,4,122,2.3251,14.8501,0.6329,1.2328,,19.3126
B,2,4,123,2.2258,11.8711,0.6711,1.5529,,16.5804
B,2,4,124,2.1757,12.1781,0.6527,1.2445,,16.5028
B,2,4,125,2.1741,15.6334,0.665,1.2464,,20.0075
B,2,4,126,2.1159,14.3054,0.6616,1.2508,,18.6044
B,2,4,127,1.961,13.9006,0.6548,1.2579,,18.0132
B,2,4,128,2.1587,15.2283,0.6542,1.2682,,19.5383
B,2,4,129,2.2263,16.7004,0.6547,1.6544,,21.4602
B,2,4,130,2.2281,15.6468,0.6453,1.4858,,20.2675
B,2,4,131,2.1019,13.7094,0.6266,1.2563,,17.9308
B,2,4,132,2.2104,15.338,0.6558,1.2675,,19.6987
B,2,4,133,2.3947,14.1069,0.7113,1.2828,,18.926
B,2,4,134,2.0785,15.9855,0.9054,1.2945,,20.4837
B,2,4,135,2.1914,14.4525,0.8307,1.279,,19.0328
B,2,4,136,2.0706,11.4217,0.6483,1.255,,15.635
B,2,4,137,2.1388,13.5277,0.612,1.3719,,17.8937
B,2,4,138,2.2787,11.5912,0.6977,1.302,,16.1122
B,2,4,139,2.1477,15.1431,0.657,1.4681,,19.683
B,2,4,140,2.1646,16.096,1.0061,1.2705,,20.8053
B,2,4,141,2.1602,14.8657,1.0325,1.6816,,20.0666
B,2,4,142,2.1077,16.4985,0.6858,1.3861,,20.945
B,2,4,143,2.1487,13.4204,0.8254,1.6504,,18.3204
B,2,4,144,2.0179,12.176,0.8248,1.31,,16.5799
B,2,4,145,2.1407,13.4616,0.6716,1.648,,18.1854
B,2,4,146,2.1132,15.8511,0.9499,1.3502,,20.5317
B,2,4,147,2.5096,15.4788,0.8332,1.4042,,20.4849
B,2,4,148,2.0568,16.4723,0.9471,1.9856,,21.7789
B,2,4,149,3.3103,15.0962,0.8962,1.688,,21.2989
B,2,4,150,2.4241,13.6326,0.6724,1.3121,,18.3037
B,2,4,151,2.2117,15.4656,0.6688,1.3272,,19.8849
B,2,4,152,2.1509,15.8125,0.6688,1.3282,,20.1852
B,2,4,153,2.1589,15.1396,0.6646,1.3323,,19.51
B,2,4,154,2.2905,14.9016,0.7365,1.3074,,19.4679
B,2,4,155,2.1722,15.4107,0.6585,1.3375,,19.8191
B,2,4,156,2.0454,14.5388,0.7968,1.442,,19.0502
B,2,4,157,1.9265,16.9502,0.667,1.3385,,21.1248
B,2,4,158,2.1104,13.6802,0.6759,1.4256,,18.1112
B,2,4,159,1.9752,15.5341,0.6586,1.4896,,19.8832
B,2,4,160,1.956,12.2985,0.8072,1.3435,,16.6348
B,2,4,161,1.9787,16.2798,0.6611,1.3638,,20.4964
B,2,4,162,2.0871,15.8179,0.7663,1.3576,,20.2716
B,2,4,163,2.2927,17.746,0.6752,1.5155,,22.4482
B,2,4,164,1.9456,14.2391,0.6611,1.3625,,18.4246
B,2,4,165,2.3661,15.0651,0.6708,1.4089,,19.7369
B,2,4,166,2.1166,14.3364,0.9616,1.4789,,19.159
B,2,4,167,2.2238,15.1501,0.922,1.5878,,20.1241
B,2,4,168,2.1178,15.172,0.7361,1.3917,,19.6842
B,2,4,169,2.6454,14.3677,0.8806,1.5122,,19.6394
B,2,4,170,2.1387,13.6206,0.7086,1.52,,18.2332
B,2,4,171,2.4651,14.9537,0.7444,1.6968,,20.1304
B,2,4,172,2.041,14.9269,0.6933,1.6861,,19.6126
B,2,4,173,2.1045,12.3923,0.8039,1.3844,,16.8994
B,2,4,174,2.0222,11.7269,0.692,1.393,,16.033
B,2,4,175,2.0947,11.591,0.6716,1.3797,,15.9245
B,2,4,176,2.2095,15.6942,0.6755,1.4081,,20.1951
B,2,4,177,2.2825,13.8337,0.6747,1.3807,,18.3792
B,2,4,178,2.0256,13.2292,0.6837,1.4368,,17.5709
B,2,4,179,2.0124,12.605,0.6483,1.3683,,16.8219
B,2,4,180,1.9777,11.9688,0.6769,1.3962,,16.2032
B,2,4,181,2.0576,12.4484,0.6505,1.5085,,16.8504
B,2,4,182,2.0941,16.1086,0.7127,1.652,,20.7828
B,2,4,183,2.1358,14.3078,0.9852,2.1536,,19.9537
B,2,4,184,2.2805,21.3516,0.71,1.4418,,26.0767
B,2,4,185,2.1836,24.5112,0.9736,1.8377,,29.8139
B,2,4,186,2.1251,23.1544,0.7141,1.4887,,27.7209
B,2,4,187,2.2155,20.4916,0.6893,1.6461,,25.2888
B,2,4,188,2.4999,21.0674,0.7501,1.6056,,26.5174
B,2,4,189,2.2251,50.8322,0.9266,1.533,,55.8006
B,2,4,190,2.5675,15.5145,0.6687,1.4545,,20.475
B,2,4,191,2.235,14.793,0.6796,1.4471,,19.4894
B,2,4,192,2.0956,14.573,0.6722,1.5315,,19.2833
B,2,4,193,1.9999,10.714,1.2988,2.4906,,16.8327
B,2,4,194,2.5186,13.0139,0.8073,1.4835,,18.076
B,2,4,195,2.1026,13.0557,0.6844,1.4517,,17.511
B,2,4,196,2.872,14.1499,0.6973,1.4767,,19.3908
B,2,4,197,2.0879,13.9181,0.6629,1.4659,,18.3238
B,2,4,198,1.9932,14.0257,0.6813,1.744,,18.6449
B,2,4,199,2.0028,14.3977,0.6951,1.5271,,18.839
B,2,4,200,2.0976,13.9373,0.7176,1.4921,,18.4652
B,2,4,201,2.1668,11.7469,0.6862,1.483,,16.2933
B,2,4,202,2.055,13.1561,0.7418,1.4584,,17.6021
B,2,4,203,2.0246,14.4823,0.7151,1.5627,,19.0086
B,2,4,204,1.9732,13.4819,0.73,1.4552,,17.8324
B,2,4,205,2.22,14.7776,0.7498,1.483,,19.4644
B,2,4,206,2.2236,14.2708,1.1159,1.4853,,19.3162
B,2,4,207,1.9643,15.6905,1.244,1.5138,,20.6301
B,2,4,208,2.3003,13.1739,1.112,1.8566,,18.7583
B,2,4,209,2.27,16.5016,0.7916,1.5785,,21.4331
B,2,4,210,2.8154,13.1518,1.2936,1.5887,,19.1387
B,2,4,211,2.1496,14.7064,1.4741,1.8526,,20.572
B,2,4,212,2.2725,15.2288,0.84,1.5492,,20.1859
B,2,4,213,2.4418,16.4598,0.7663,1.8466,,21.7875
B,2,4,214,2.731,16.292,1.2717,1.6806,,22.2104
B,2,4,215,2.2982,13.6947,0.8413,1.8683,,18.9789
B,2,4,216,2.1871,12.8089,0.7485,1.3902,,17.3939
B,2,4,217,2.3884,14.7508,0.8314,1.3146,,19.553
B,2,4,218,2.1418,13.0686,0.8288,1.2926,,17.6656
B,2,4,219,1.9807,14.7845,0.7481,1.2191,,18.9585
B,2,4,220,2.088,13.0855,0.6797,1.1089,,17.1841
B,2,4,221,1.9835,16.0862,0.7129,1.1393,,20.1476
B,2,4,222,2.0411,14.5756,0.8613,1.1991,,18.9192
B,2,4,223,2.1001,15.3387,0.7948,1.5075,,20.0744
B,2,4,224,2.139,15.4961,0.9528,1.1967,,20.0569
B,2,4,225,1.9715,12.2464,0.717,1.7072,,16.8755
B,2,4,226,2.4807,12.719,0.7772,1.3484,,17.586
B,2,4,227,2.0404,12.6972,0.8409,1.2998,,17.1304
B,2,4,228,2.3701,15.7493,0.9017,1.2834,,20.6049
B,2,4,229,2.4963,13.3232,0.6835,1.1159,,17.8839
B,2,4,230,2.0931,13.1487,0.6732,1.3769,,17.5506
B,2,4,231,2.3186,16.3071,0.7331,1.3391,,20.9684
B,2,4,232,2.2169,14.8132,0.8257,1.4501,,19.6759
B,2,4,233,2.2785,14.7075,0.6812,1.3043,,19.2434
B,2,4,234,2.6185,13.9254,0.6979,1.4524,,18.9655
B,2,4,235,2.5473,12.7085,0.694,1.32,,17.5243
B,2,4,236,2.1389,14.2025,0.6835,1.1268,,18.3978
B,2,4,237,2.3096,14.5718,0.691,1.1837,,19.0211
B,2,4,238,2.1293,14.453,1.0193,1.2117,,19.0382
B,2,4,239,2.0634,12.6398,0.658,1.1723,,16.8037
B,2,4,240,2.1416,13.5179,0.6597,1.2159,,17.7414
B,2,4,241,2.0158,13.8824,0.6234,1.2983,,18.0153
B,2,4,242,2.09,12.1385,0.8234,1.2696,,16.5423
B,2,4,243,2.0378,11.8061,0.6358,1.1299,,15.8158
B,2,4,244,2.0575,10.8084,0.6143,1.1327,,14.7917
B,2,4,245,1.9791,10.9563,0.6559,1.1634,,14.9454
B,2,4,246,1.98,11.0482,0.6272,1.144,,14.9787
B,2,4,247,2.016,10.8107,0.6134,1.142,,14.7601
B,2,4,248,1.9708,12.3095,0.641,1.2016,,16.3134
B,2,4,249,2.1463,12.4168,0.5772,1.2665,,16.6045
B,2,4,250,1.981,14.2644,0.5961,1.1991,,18.2445
B,2,4,251,2.2811,13.6116,0.5752,1.2183,,17.9471
B,2,4,252,1.9815,13.8959,0.581,1.2306,,17.9273
B,2,4,253,2.3065,13.4547,0.5918,1.2208,,17.7866
B,2,4,254,1.9813,13.7978,0.5789,1.2089,,17.7598
B,2,4,255,2.1765,14.7891,0.623,1.2072,,19.0154
B,2,4,256,2.3487,13.6619,0.984,1.3532,,18.6813
B,2,4,257,2.1747,15.5345,0.8224,1.2218,,20.0161
B,2,4,258,2.0872,15.0261,0.7808,1.2453,,19.6737
B,2,4,259,2.1638,19.0872,0.6115,1.6522,,23.774
B,2,4,260,2.4245,15.1863,0.6393,1.8478,,20.4155
B,2,4,261,2.3286,16.2009,0.9951,1.3052,,21.1007
B,2,4,262,2.0207,15.4277,0.7336,1.2562,,19.7035
B,2,4,263,2.4379,14.9544,0.7942,1.2868,,19.7514
B,2,4,264,1.9072,11.3031,0.5922,1.3993,,15.4255
B,2,4,265,2.0424,15.3742,0.6714,1.3337,,19.6601
B,2,4,266,1.8491,14.9641,0.5955,1.3464,,18.9984
B,2,4,267,1.8416,12.2178,0.682,0.9745,,15.9075
B,2,4,268,1.8759,13.4067,0.5927,1.0121,,17.0845
B,2,4,269,2.1227,11.7694,0.5495,0.9866,,15.6234
B,2,4,270,2.0791,11.7984,0.5635,1.2234,,15.8711
B,2,4,271,1.9134,13.5616,0.5341,0.975,,17.2141
B,2,4,272,1.7852,10.8492,0.556,1.0015,,14.3978
B,2,4,273,1.857,13.6008,0.5474,0.9906,,17.1898
B,2,4,274,2.0203,12.1864,0.5115,1.0251,,15.9326
B,2,4,275,1.909,11.6904,0.5115,1.0452,,15.3452
B,2,4,276,2.0169,14.635,0.5367,1.0951,,18.4997
C,2,5,20,2.5329,17.4975,0.6534,0.9847,12.172,33.9919
C,2,5,21,1.936,14.7885,0.6482,1.3008,16.9003,35.9566
C,2,5,22,2.2682,14.3637,0.7067,1.1524,14.188,32.9183
C,2,5,23,2.0184,12.701,0.6498,0.999,12.8135,29.451
C,2,5,24,2.0353,13.5805,0.6961,1.0101,12.6882,30.2844
C,2,5,25,1.9541,11.0279,0.6749,1.0853,11.9037,26.8948
C,2,5,26,2.1659,13.6014,0.6371,1.3329,12.1603,30.1809
C,2,5,27,2.3581,16.2871,0.6549,1.0453,12.7269,33.3465
C,2,5,28,2.2708,11.8587,0.6612,1.1941,13.4193,29.651
C,2,5,29,2.2743,15.4133,0.7502,1.1958,12.7197,32.7783
C,2,5,30,2.8823,12.915,0.8595,1.0546,15.6224,33.5617
C,2,5,31,2.5196,15.1239,0.6504,1.1781,12.192,32.0051
C,2,5,32,2.1477,14.8508,0.7147,1.0501,11.6622,30.6926
C,2,5,33,2.1325,13.6987,0.6386,1.0509,12.2733,30.0599
C,2,5,34,2.1013,14.4337,0.6373,1.0651,12.615,31.1172
C,2,5,35,1.9888,11.4373,0.7227,1.092,11.5176,27.0137
C,2,5,36,2.1184,13.1072,0.631,1.1417,12.0706,29.3224
C,2,5,37,2.1413,12.29,0.5938,1.099,12.0177,28.4162
C,2,5,38,2.1058,12.5134,0.5873,1.086,11.443,28.0009
C,2,5,39,2.1129,11.8948,0.5798,1.1442,11.8197,27.794
C,2,5,40,2.0737,12.3535,0.5781,1.2168,11.6323,28.1113
C,2,5,41,2.1811,12.5393,0.6073,1.1143,11.7667,28.4644
C,2,5,42,2.1413,12.5134,0.5788,1.2045,11.9178,28.6157
C,2,5,43,1.9703,11.1568,0.577,1.119,11.7271,26.7853
C,2,5,44,2.2984,12.6213,0.6324,1.1284,11.4444,28.4104
C,2,5,45,2.0382,12.282,0.6069,1.1447,11.8593,28.1723
C,2,5,46,2.1119,12.2581,0.577,1.1528,11.2568,27.6107
C,2,5,47,2.3662,12.8575,0.6124,1.2099,10.8355,28.1548
C,2,5,48,2.4322,12.3106,0.6012,1.1462,10.4566,27.1884
C,2,5,49,2.2756,12.2777,0.5973,1.2019,11.0036,27.6201
C,2,5,50,2.0784,11.9514,0.588,1.1676,11.1331,27.1741
C,2,5,51,2.1068,12.276,0.6769,1.2824,11.7904,28.3829
C,2,5,52,2.0896,12.2766,0.5767,1.1503,11.4991,27.8523
C,2,5,53,2.2019,12.1784,0.6802,1.2256,10.8226,27.3818
C,2,5,54,2.0869,12.8488,0.5853,1.2058,11.3251,28.3096
C,2,5,55,2.1069,12.8706,0.6577,1.3069,11.0229,28.2278
C,2,5,56,2.2726,13.413,0.9057,1.8711,14.0511,32.8292
C,2,5,57,2.0879,13.207,0.6631,1.3512,11.393,28.9659
C,2,5,58,2.1689,12.9186,0.7718,1.2381,11.3114,28.6717
C,2,5,59,2.1936,11.7319,0.692,1.2953,11.0903,27.2315
C,2,5,60,2.5383,12.4658,0.809,1.2229,15.1931,32.4945
C,2,5,61,2.1309,12.8536,0.9651,1.2721,12.2351,29.7496
C,2,5,62,2.2128,13.3659,0.7512,1.0183,12.2171,29.8307
C,2,5,63,2.3646,12.2502,0.5975,1.0348,11.532,28.0302
C,2,5,64,2.0941,14.9763,0.8502,1.1213,12.0811,31.4575
C,2,5,65,2.1714,13.2171,0.788,1.1493,11.7185,29.2874
C,2,5,66,2.1036,13.5868,0.8425,1.1726,11.1144,29.1179
C,2,5,67,2.1364,13.4951,0.8056,1.0186,11.7197,29.4348
C,2,5,68,2.0257,12.5478,0.7339,1.0585,12.2948,28.9046
C,2,5,69,2.4564,13.7417,0.6481,1.032,13.341,31.4762
C,2,5,70,2.1206,14.1887,0.7632,1.2739,12.2784,30.9175
C,2,5,71,2.6279,13.6081,0.8531,1.5852,11.4833,30.5357
C,2,5,72,2.5865,14.5,0.7933,1.0949,12.1043,31.3461
C,2,5,73,2.6808,12.6995,0.7846,1.0739,11.3331,28.9444
C,2,5,74,2.2032,15.7314,0.7673,1.082,11.2442,31.2839
C,2,5,75,2.1044,13.1664,0.8534,1.0859,10.9546,28.4277
C,2,5,76,2.3274,20.9882,0.7971,1.1434,11.0474,36.5385
C,2,5,77,2.1237,13.7885,0.7142,1.1169,10.7624,28.7605
C,2,5,78,2.1929,14.1496,0.7365,1.0953,10.8486,29.2791
C,2,5,79,2.1248,13.4646,0.8626,1.1959,10.9959,28.8844
C,2,5,80,2.1286,12.6231,1.0965,1.5817,11.9407,29.7084
C,2,5,81,2.1022,14.5514,0.8516,1.2094,11.8561,30.8379
C,2,5,82,2.1324,14.7438,1.0237,1.1417,10.9222,30.2808
C,2,5,83,2.1184,12.0515,0.9925,1.1363,10.632,27.2069
C,2,5,84,2.2529,13.9261,0.8241,1.1392,10.5505,28.9634
C,2,5,85,2.1827,15.1299,0.9024,1.1192,10.7515,30.2981
C,2,5,86,2.3792,12.6628,1.3184,1.332,10.9029,28.8706
C,2,5,87,2.7075,15.5148,0.908,1.0783,10.7957,31.2174
C,2,5,88,2.4108,14.6902,0.8331,1.0932,11.1655,30.4132
C,2,5,89,2.2334,19.9614,0.7025,1.1669,11.8222,36.1469
C,2,5,90,2.3031,17.2936,0.994,1.1697,17.1937,39.3099
C,2,5,91,2.7375,19.2376,0.8014,1.145,12.9318,37.0919
C,2,5,92,2.6663,17.1868,0.9202,1.2058,14.4414,36.6524
C,2,5,93,3.1278,15.365,1.3057,1.7707,13.0184,34.9589
C,2,5,94,2.4741,14.3963,0.7838,1.1274,12.4161,31.4312
C,2,5,95,2.2411,16.3907,0.7265,1.1704,11.6639,32.4294
C,2,5,96,2.272,14.2248,0.7931,1.237,11.1884,29.9387
C,2,5,97,2.1898,13.7264,0.9546,1.2302,12.1906,30.5479
C,2,5,98,2.3296,18.8417,0.9064,1.3225,11.9772,35.6844
C,2,5,99,2.6018,243.2833,0.9863,1.366,11.0399,259.6231
C,2,5,100,2.2331,11.443,0.9107,1.1925,11.3233,27.3432
C,2,5,101,2.2882,14.0714,0.9539,1.2522,10.8473,29.6529
C,2,5,102,2.1991,12.3913,0.8133,1.1846,11.384,28.2386
C,2,5,103,2.199,12.1649,0.801,1.2606,11.0571,27.7382
C,2,5,104,2.0735,13.2419,0.7376,1.1608,11.4654,28.9203
C,2,5,105,2.233,11.922,0.8139,1.1917,11.7479,28.1859
C,2,5,106,2.1841,12.3409,0.6652,1.1848,10.8657,27.6953
C,2,5,107,2.0453,12.6151,0.6703,1.1596,10.4232,27.1628
C,2,5,108,2.0984,12.3728,0.6735,1.2362,10.6032,27.2462
C,2,5,109,2.1915,12.2812,0.6615,1.2818,10.1008,26.7739
C,2,5,110,2.1722,11.5406,0.6638,1.1544,10.3449,26.1213
C,2,5,111,2.1541,11.3239,0.6571,1.1999,11.1786,26.756
C,2,5,112,2.1315,12.2388,0.6522,1.1715,11.1156,27.5626
C,2,5,113,2.1583,11.6236,0.6555,1.1699,10.2262,26.0788
C,2,5,114,2.1289,12.3499,0.74,1.1913,11.0135,27.8678
C,2,5,115,2.1156,12.3589,0.6557,1.1858,10.5998,27.1934
C,2,5,116,2.2213,12.2382,0.9701,1.2027,11.8725,28.7658
C,2,5,117,2.2288,12.2772,0.6518,1.2802,12.085,28.7743
C,2,5,118,2.0938,12.741,0.8655,1.7157,11.5182,29.2648
C,2,5,119,2.2821,12.7928,0.6549,1.2228,12.8947,30.1072
C,2,5,120,2.4321,11.7382,0.6775,1.2826,15.547,31.9386
C,2,5,121,2.1907,12.2049,0.6353,1.2418,12.0717,28.6036
C,2,5,122,2.1367,12.2776,0.6181,1.2227,11.6059,28.1155
C,2,5,123,2.0889,12.3776,0.7001,1.2131,11.9076,28.5431
C,2,5,124,2.5987,12.5536,0.6177,1.2236,11.3786,28.6162
C,2,5,125,2.1395,12.3865,0.6424,1.224,11.9131,28.6073
C,2,5,126,1.9986,11.0291,0.8303,1.2467,11.3651,26.7047
C,2,5,127,2.599,12.8747,0.7398,1.3394,11.4161,29.4719
C,2,5,128,2.0819,12.8003,0.7143,1.2539,11.6742,28.7542
C,2,5,129,2.0451,12.5478,0.6724,1.2523,12.0975,28.8492
C,2,5,130,2.0966,12.6244,0.6703,1.2886,11.23,28.18
C,2,5,131,2.3397,12.6201,0.6453,1.4259,10.7137,28.0126
C,2,5,132,2.1465,13.3729,0.6598,1.2856,11.0373,28.7604
C,2,5,133,2.2811,13.6555,0.845,1.2364,12.3858,30.688
C,2,5,134,2.1162,13.0547,0.7077,1.2973,11.5689,29.0589
C,2,5,135,2.6224,14.4542,0.6368,1.3724,12.3351,31.7045
C,2,5,136,2.4702,12.8953,0.6465,1.252,11.423,29.0099
C,2,5,137,2.1862,13.0369,0.6083,1.2664,11.0106,28.3739
C,2,5,138,2.1676,11.273,0.6052,1.2619,10.6023,26.1624
C,2,5,139,2.0792,11.194,0.6429,1.3959,10.7951,26.3428
C,2,5,140,2.244,11.2111,0.7919,1.2239,11.4893,27.2136
C,2,5,141,2.3341,14.3978,0.751,1.2821,11.7219,30.7469
C,2,5,142,2.1048,11.295,0.679,1.5083,10.6812,26.5135
C,2,5,143,2.0744,13.9667,0.6693,1.2843,10.5305,28.7783
C,2,5,144,2.1755,12.3052,0.7234,1.2945,10.1651,26.9298
C,2,5,145,2.1423,11.9152,0.7834,1.323,10.7588,27.1858
C,2,5,146,2.301,11.1661,0.6763,1.508,10.9099,26.8284
C,2,5,147,2.2454,13.1811,0.7203,1.325,11.0045,28.7488
C,2,5,148,2.3244,11.9758,0.841,1.5004,11.0865,28.1047
C,2,5,149,2.1593,12.4458,0.7127,1.4793,10.7542,27.825
C,2,5,150,2.4295,13.416,0.7134,1.3635,16.3173,34.5027
C,2,5,151,2.0845,13.6926,1.0034,1.3579,12.495,30.8959
C,2,5,152,2.0831,12.978,0.6779,1.33,11.7476,29.0964
C,2,5,153,2.1797,12.5231,0.8228,1.3039,13.276,30.3691
C,2,5,154,2.0396,11.2351,0.8073,1.3968,12.0558,27.8185
C,2,5,155,2.1955,12.4934,0.6641,1.4731,12.0006,29.0962
C,2,5,156,2.2474,12.1904,0.6558,1.3455,11.8161,28.5495
C,2,5,157,2.0742,12.3755,0.7103,1.3683,11.7213,28.5142
C,2,5,158,2.198,13.0304,0.783,1.3542,11.8851,29.5075
C,2,5,159,2.5329,12.6334,0.925,1.4233,11.9408,29.749
C,2,5,160,2.3155,14.4729,0.6973,1.3682,11.837,30.9719
C,2,5,161,2.3169,12.1238,0.9767,1.3971,11.324,28.4037
C,2,5,162,2.3233,16.0079,1.1298,1.7105,11.2631,32.7865
C,2,5,163,2.3361,14.8743,0.7502,2.1922,12.5384,32.927
C,2,5,164,2.9911,13.8976,1.0287,1.6428,12.6766,32.5674
C,2,5,165,2.1105,14.2292,0.9955,1.6359,12.5037,31.7228
C,2,5,166,2.4979,13.3035,0.9559,1.4862,11.5377,30.0244
C,2,5,167,2.4812,14.8305,0.7036,1.4484,10.9419,30.6718
C,2,5,168,2.4373,15.2779,0.6921,1.4432,12.5315,32.6603
C,2,5,169,2.111,14.6827,0.9513,1.6948,11.088,30.8366
C,2,5,170,2.6862,16.3828,0.72,1.3926,12.132,33.5659
C,2,5,171,2.1775,13.9355,0.677,1.4516,10.9488,29.4491
C,2,5,172,2.1888,14.6002,0.681,1.7294,10.6207,30.0925
C,2,5,173,2.0544,14.0708,0.694,1.4017,11.4631,29.9361
C,2,5,174,2.0583,14.6358,0.685,1.6127,10.8416,30.0602
C,2,5,175,2.1476,17.3229,0.8095,1.4449,11.0577,33.2314
C,2,5,176,2.5102,14.4646,0.731,1.4143,12.2853,31.6749
C,2,5,177,2.1888,15.315,0.7158,1.9581,12.4144,32.8577
C,2,5,178,2.4547,13.8604,0.7672,1.454,12.3782,31.164
C,2,5,179,2.5107,14.1566,0.6926,1.4202,11.6433,30.6461
C,2,5,180,2.1586,13.8007,0.6946,1.4268,16.5486,34.884
C,2,5,181,2.1476,14.5022,0.6836,1.5507,13.4926,32.6405
C,2,5,182,2.3083,13.4383,0.8428,1.5981,12.4407,30.905
C,2,5,183,2.4303,14.8332,0.7608,1.4719,12.1308,31.9109
C,2,5,184,2.0846,12.9206,0.6968,1.4316,12.5944,30.0012
C,2,5,185,2.1425,13.3834,0.6872,1.4721,12.9707,30.9151
C,2,5,186,2.0182,12.8811,0.7096,1.4549,11.7136,29.0326
C,2,5,187,2.1313,12.6834,0.7031,1.4963,11.8969,29.1667
C,2,5,188,2.1171,14.3697,0.857,1.6241,11.7169,30.9491
C,2,5,189,2.167,14.095,0.7282,1.7846,12.2713,31.3021
C,2,5,190,2.1978,14.4475,0.9312,1.4974,11.3708,30.7271
C,2,5,191,2.2834,14.6217,0.6971,1.4938,10.8723,30.23
C,2,5,192,2.3334,13.2103,0.8006,1.4783,10.8883,28.9585
C,2,5,193,2.1865,15.1119,0.675,1.4419,10.8715,30.58
C,2,5,194,2.3132,13.9662,0.8135,1.6082,11.0524,30.0205
C,2,5,195,2.2164,14.6924,0.6979,1.451,11.4145,30.7629
C,2,5,196,2.6052,12.4606,0.7092,1.4654,10.9521,28.4096
C,2,5,197,2.0791,12.4705,0.6873,1.4517,10.4159,27.3605
C,2,5,198,2.0213,11.6294,0.6734,1.669,10.6998,26.9294
C,2,5,199,2.1419,12.0516,0.6972,1.4702,10.9392,27.5695
C,2,5,200,2.6953,15.7418,1.0898,2.2683,13.3346,35.5053
C,2,5,201,2.833,16.574,1.2125,2.0399,14.8153,37.8801
C,2,5,202,2.6368,19.0503,1.8346,2.2668,14.1852,40.2516
C,2,5,203,3.8643,22.0856,1.2225,1.6197,11.0093,40.095
C,2,5,204,2.5095,19.0426,1.0495,1.6065,13.34,37.8201
C,2,5,205,2.8518,15.7835,1.0087,1.9646,12.3427,34.3009
C,2,5,206,2.8747,16.5444,1.2745,2.5081,11.9861,35.5913
C,2,5,207,2.1429,14.3652,0.9456,1.8965,11.8466,31.4632
C,2,5,208,2.2944,14.3646,1.024,1.9296,11.8422,31.8562
C,2,5,209,2.3065,15.8247,0.7492,1.9102,12.8012,33.8647
C,2,5,210,3.044,17.0944,1.0479,2.0673,17.4271,40.9868
C,2,5,211,2.3552,15.5966,0.8372,2.1124,13.1208,34.2793
C,2,5,212,2.3379,16.0913,0.8726,1.5956,13.6585,34.8459
C,2,5,213,3.2044,16.4867,0.744,1.7595,15.6043,38.1028
C,2,5,214,2.0779,15.8746,1.8028,1.6688,14.1942,35.9917
C,2,5,215,2.6483,15.9113,0.9617,1.4248,12.4766,33.7368
C,2,5,216,2.1702,18.1224,0.8986,1.323,13.3309,36.1183
C,2,5,217,2.2393,18.6364,0.7336,1.6594,12.3894,35.9435
C,2,5,218,2.3927,14.554,0.8853,1.0886,12.6522,31.8514
C,2,5,219,2.4162,15.0928,0.7932,1.3292,11.5583,31.4761
C,2,5,220,2.1263,14.0024,0.7721,1.5356,11.9652,30.6631
C,2,5,221,2.2803,17.7003,0.6591,1.3127,12.3657,34.5458
C,2,5,222,2.0291,13.6453,0.6704,1.3159,11.5311,29.4438
C,2,5,223,2.3272,14.1081,0.667,1.3426,13.1352,31.8537
C,2,5,224,2.5652,16.2611,0.6991,1.3386,13.4806,34.7312
C,2,5,225,2.5591,18.6533,0.8723,1.1425,12.0365,35.5291
C,2,5,226,2.8353,18.8764,0.8485,1.1566,12.3007,36.2987
C,2,5,227,2.4848,15.5565,0.6703,1.3094,11.0998,31.3504
C,2,5,228,2.3074,19.3091,0.6689,1.6149,11.8231,35.9952
C,2,5,229,2.7253,16.5239,0.6576,1.0953,10.4855,31.7609
C,2,5,230,2.1336,12.2104,0.6569,1.2888,10.2706,26.8946
C,2,5,231,2.1171,14.7947,0.6768,1.5793,10.8732,30.3078
C,2,5,232,2.0916,12.8385,0.7009,1.177,10.3487,27.4175
C,2,5,233,2.2166,14.3874,0.6748,1.1175,10.6726,29.326
C,2,5,234,2.6147,12.8461,0.7534,1.2757,10.9111,28.6901
C,2,5,235,2.1802,17.1886,0.6888,1.233,11.2423,32.8068
C,2,5,236,2.266,12.3997,0.7408,1.2021,12.0386,28.9285
C,2,5,237,2.6957,16.2101,0.6784,1.3815,13.0614,34.4198
C,2,5,238,2.6741,15.6725,0.8071,1.1682,12.1872,32.8251
C,2,5,239,2.405,13.7027,0.6815,1.1546,10.6581,28.871
C,2,5,240,2.36,13.8498,0.7851,1.1656,17.5462,35.943
C,2,5,241,2.2907,18.3041,0.9428,1.1597,13.5298,36.5074
C,2,5,242,2.2466,19.2306,1.2588,1.3221,12.6613,36.9616
C,2,5,243,2.6723,21.6552,0.7558,1.3394,12.8923,39.6016
C,2,5,244,2.6645,26.219,0.6635,1.3034,12.1866,43.2972
C,2,5,245,2.3013,25.3261,0.8549,1.2968,12.516,42.577
C,2,5,246,2.3231,30.6276,0.6511,1.3686,12.5254,47.7561
C,2,5,247,2.3973,24.6184,0.846,1.3344,11.9844,41.4721
C,2,5,248,2.7335,21.7086,0.7612,1.3115,12.7252,39.5182
C,2,5,249,2.359,20.6664,0.684,1.2062,12.6513,37.8513
C,2,5,250,1.987,19.5128,0.6083,1.5846,12.4409,36.3971
C,2,5,251,2.9762,22.3974,0.6099,1.547,11.238,39.1824
C,2,5,252,2.0665,18.3159,0.6038,1.2796,11.0595,33.5819
C,2,5,253,2.0085,15.6926,0.634,1.8554,12.5794,33.2827
C,2,5,254,2.6296,16.29,0.6454,1.5006,11.8919,33.2515
C,2,5,255,3.0103,17.5371,0.6837,2.1277,12.7214,36.3542
C,2,5,256,3.0047,21.2479,0.9473,2.0849,11.6764,39.4321
C,2,5,257,3.1872,17.5377,1.2313,2.3172,12.0215,36.7243
C,2,5,258,2.532,15.1451,0.5966,1.6314,11.47,31.6784
C,2,5,259,2.2541,12.9698,0.5923,1.2238,12.3453,29.6596
C,2,5,260,2.1228,17.8015,0.7667,1.2252,13.1524,35.5516
C,2,5,261,2.0353,14.7248,0.7298,1.3728,12.1993,31.3338
C,2,5,262,2.3545,12.9116,0.6807,1.4587,11.6389,29.3553
C,2,5,263,2.496,13.9285,0.9924,1.3652,11.4385,30.5231
C,2,5,264,2.287,13.3965,0.8063,1.347,11.1616,29.3239
C,2,5,265,2.3451,12.6846,0.6048,1.3267,10.5604,27.8132
C,2,5,266,1.9793,14.7159,0.6145,1.2385,10.3708,29.1777
C,2,5,267,2.5608,17.1841,1.2084,1.0197,11.5242,33.7783
C,2,5,268,2.5727,17.3045,0.6104,1.442,10.7698,33.1027
C,2,5,269,2.3232,18.4662,0.5867,1.1446,11.277,34.0751
C,2,5,270,2.1529,15.7801,0.602,1.2027,16.6741,36.6806
C,2,5,271,1.9174,12.8838,0.5744,1.0056,13.0348,29.713
C,2,5,272,1.8934,17.5109,0.6032,1.0206,13.163,34.4465
C,2,5,273,1.9645,18.7638,0.5652,1.0109,15.4038,37.9693
C,2,5,274,2.8111,16.1861,0.7458,1.6089,12.3764,34.0688
C,2,5,275,2.825,15.5429,0.5605,1.0069,13.6664,33.8922
C,2,5,276,2.6293,16.9145,0.5601,1.1282,13.1884,34.6497
A,2,6,20,2.8063,13.6861,0.9066,,,17.5139
A,2,6,21,2.0437,12.505,0.6817,,,15.4449
A,2,6,22,2.0702,12.6684,0.6978,,,15.6776
A,2,6,23,2.0831,15.6378,1.1351,,,19.0601
A,2,6,24,2.0594,14.7994,0.6746,,,17.7748
A,2,6,25,2.5943,12.7497,1.0831,,,16.7271
A,2,6,26,2.2119,19.153,0.6621,,,22.2933
A,2,6,27,2.6586,17.4098,0.6484,,,20.9707
A,2,6,28,2.8276,16.6534,1.004,,,20.8523
A,2,6,29,2.4354,11.9878,0.867,,,15.5749
A,2,6,30,2.1866,15.2315,0.702,,,18.3317
A,2,6,31,2.4357,12.9647,0.8365,,,16.5817
A,2,6,32,2.3238,16.5108,1.1662,,,20.5103
A,2,6,33,2.3703,14.6181,0.6484,,,17.9108
A,2,6,34,2.7342,13.1245,0.9421,,,17.1117
A,2,6,35,2.1176,17.4876,0.9129,,,20.7471
A,2,6,36,2.0966,17.5104,0.6735,,,20.4993
A,2,6,37,2.0893,18.4393,0.6304,,,21.5706
A,2,6,38,2.7926,16.2572,0.6085,,,19.9382
A,2,6,39,2.6343,16.333,0.6007,,,19.8932
A,2,6,40,2.3759,17.0962,0.6006,,,20.2987
A,2,6,41,3.2042,15.7493,0.6086,,,19.7837
A,2,6,42,2.3833,16.5797,0.599,,,19.8423
A,2,6,43,3.0035,15.6791,0.6036,,,19.5269
A,2,6,44,2.9064,13.0608,1.0609,,,17.3828
A,2,6,45,2.2023,14.0491,0.6173,,,17.1279
A,2,6,46,2.3777,16.3865,0.6129,,,19.6259
A,2,6,47,2.0688,13.0678,0.5986,,,15.9286
A,2,6,48,2.7928,17.3728,0.5995,,,20.9919
A,2,6,49,2.6131,13.5437,0.6117,,,17.0215
A,2,6,50,2.1057,17.9987,0.8626,,,21.1929
A,2,6,51,2.3254,13.9116,0.926,,,17.399
A,2,6,52,2.6666,14.3644,0.5955,,,17.8936
A,2,6,53,2.5344,12.2962,0.5919,,,15.6521
A,2,6,54,2.7562,16.7588,0.5975,,,20.4085
A,2,6,55,2.6264,12.383,0.7934,,,16.0798
A,2,6,56,2.315,18.0399,0.8795,,,21.5479
A,2,6,57,2.0405,12.7016,0.6893,,,15.6462
A,2,6,58,2.2606,12.6436,0.809,,,15.9704
A,2,6,59,2.7166,12.2251,0.8584,,,16.1338
A,2,6,60,2.7586,17.48,1.2812,,,21.7901
A,2,6,61,2.1341,12.9574,0.8159,,,16.1699
A,2,6,62,2.0543,12.8486,0.7841,,,15.9105
A,2,6,63,2.3393,13.5215,0.8254,,,16.956
A,2,6,64,2.0934,16.0565,0.6548,,,19.0608
A,2,6,65,2.4979,14.2516,0.8284,,,17.8454
A,2,6,66,2.478,14.1537,1.0626,,,18.0206
A,2,6,67,2.3259,17.2201,1.2075,,,20.9981
A,2,6,68,2.1718,15.3782,0.8335,,,18.6527
A,2,6,69,2.342,14.5452,0.6482,,,17.7977
A,2,6,70,2.3711,16.8334,0.77,,,20.1947
A,2,6,71,2.2272,12.8573,0.6658,,,15.9552
A,2,6,72,2.3881,16.5592,0.6803,,,19.925
A,2,6,73,2.6418,12.3162,0.9708,,,16.214
A,2,6,74,2.3469,12.3902,1.1061,,,16.1267
A,2,6,75,2.3611,17.1767,0.9169,,,20.6995
A,2,6,76,2.2148,17.9922,0.756,,,21.1693
A,2,6,77,2.7456,16.1503,0.7385,,,19.9078
A,2,6,78,2.4219,12.2455,0.7515,,,15.6965
A,2,6,79,2.5229,13.4967,1.137,,,17.4084
A,2,6,80,2.2371,16.8492,0.8886,,,20.2086
A,2,6,81,2.2644,15.3542,1.0826,,,19.0039
A,2,6,82,2.1667,14.8209,0.9076,,,18.147
A,2,6,83,2.4873,12.3704,0.9569,,,16.0808
A,2,6,84,2.3772,16.4214,1.1277,,,20.2789
A,2,6,85,2.5764,16.2944,1.4373,,,20.726
A,2,6,86,2.2135,12.4997,1.007,,,15.975
A,2,6,87,2.1005,13.4494,0.9069,,,16.6785
A,2,6,88,2.5009,16.1184,1.0146,,,19.9029
A,2,6,89,2.6429,13.3952,0.8744,,,17.1651
A,2,6,90,2.1824,15.0882,0.6796,,,18.189
A,2,6,91,2.4087,16.0284,0.934,,,19.6201
A,2,6,92,2.5994,13.1629,1.0726,,,17.0943
A,2,6,93,2.8953,15.8988,1.0235,,,20.1937
A,2,6,94,2.0825,14.7353,0.6926,,,17.7489
A,2,6,95,2.3741,12.5303,0.6823,,,15.8362
A,2,6,96,2.6555,16.6804,0.8349,,,20.4646
A,2,6,97,2.4357,16.3159,1.0607,,,20.0925
A,2,6,98,2.5069,13.2445,1.084,,,17.0898
A,2,6,99,2.2047,17.0898,0.7501,,,20.2685
A,2,6,100,2.2128,17.8721,0.7462,,,21.0615
A,2,6,101,2.9998,17.4514,1.0619,,,21.8718
A,2,6,102,2.3895,16.109,1.4171,,,20.3277
A,2,6,103,2.2725,16.2338,1.4209,,,20.2191
A,2,6,104,2.1044,16.4471,1.3665,,,20.1423
A,2,6,105,2.1365,16.8262,1.1284,,,20.3595
A,2,6,106,2.103,14.4637,0.7391,,,17.5299
A,2,6,107,2.8136,12.3732,1.0639,,,16.5517
A,2,6,108,2.4233,13.775,0.6768,,,17.1299
A,2,6,109,2.52,13.9973,1.0156,,,17.8895
A,2,6,110,2.2474,15.858,0.8094,,,19.3215
A,2,6,111,2.3997,16.6767,1.1448,,,20.5327
A,2,6,112,2.16,16.4927,1.048,,,20.0481
A,2,6,113,2.2468,18.4383,0.8255,,,21.7701
A,2,6,114,2.252,17.3886,0.6774,,,20.5256
A,2,6,115,2.7495,17.3427,0.6733,,,21.0541
A,2,6,116,2.6167,13.8987,0.757,,,17.5255
A,2,6,117,2.2603,18.096,0.6619,,,21.2343
A,2,6,118,2.4635,18.6877,1.2059,,,22.6052
A,2,6,119,2.1759,15.1941,0.6471,,,18.2734
A,2,6,120,2.8012,17.2495,0.8809,,,21.2055
A,2,6,121,2.4127,16.6659,0.8461,,,20.2016
A,2,6,122,2.1945,14.9502,0.6491,,,18.0448
A,2,6,123,2.7326,14.6751,0.7433,,,18.6133
A,2,6,124,2.072,13.9643,0.6485,,,16.9035
A,2,6,125,3.3506,17.155,1.0373,,,21.7816
A,2,6,126,2.0824,14.4975,0.6602,,,17.5062
A,2,6,127,2.4191,13.1325,0.6682,,,16.5039
A,2,6,128,2.4561,13.0961,0.6742,,,16.4712
A,2,6,129,2.0572,14.269,0.6493,,,17.1879
A,2,6,130,2.5854,13.5253,0.9708,,,17.3127
A,2,6,131,2.2984,13.9953,0.6521,,,17.2059
A,2,6,132,2.2677,13.389,0.653,,,16.5369
A,2,6,133,2.5301,13.4514,0.7425,,,16.9832
A,2,6,134,2.0862,13.1086,0.6896,,,16.096
A,2,6,135,2.1711,12.635,0.6426,,,15.6691
A,2,6,136,2.4358,13.6471,0.9012,,,17.2473
A,2,6,137,2.4145,13.1961,0.6453,,,16.5158
A,2,6,138,2.0605,13.2021,0.6251,,,16.0935
A,2,6,139,2.407,13.3523,0.8392,,,16.9008
A,2,6,140,2.4615,13.6259,0.7831,,,17.1585
A,2,6,141,2.1574,13.5023,0.7837,,,16.6518
A,2,6,142,2.5788,14.4616,0.7362,,,18.0603
A,2,6,143,2.0855,13.9529,0.6888,,,16.9259
A,2,6,144,3.0596,16.5235,0.684,,,20.5144
A,2,6,145,2.4288,12.0984,0.9112,,,15.7674
A,2,6,146,2.5051,13.2137,0.7269,,,16.7102
A,2,6,147,2.0853,13.0935,0.6801,,,16.0849
A,2,6,148,2.3121,13.2044,0.6817,,,16.5363
A,2,6,149,2.3652,12.2491,0.9115,,,15.8595
A,2,6,150,2.1524,15.176,0.678,,,18.2625
A,2,6,151,2.639,13.3158,0.8942,,,17.0889
A,2,6,152,2.0648,14.2481,0.6878,,,17.2417
A,2,6,153,2.318,12.5969,0.6891,,,15.8586
A,2,6,154,2.9635,15.272,0.6689,,,19.1286
A,2,6,155,2.4226,13.4943,0.9685,,,17.217
A,2,6,156,2.2839,13.7631,0.676,,,16.9751
A,2,6,157,2.176,13.6535,0.8316,,,16.8777
A,2,6,158,2.5384,12.0887,1.0483,,,15.888
A,2,6,159,2.4773,12.6713,0.7079,,,16.1371
A,2,6,160,2.0805,14.6085,0.6797,,,17.5889
A,2,6,161,2.5348,12.0799,0.6717,,,15.5899
A,2,6,162,2.4694,14.0636,0.6782,,,17.4915
A,2,6,163,2.1571,12.7027,0.6873,,,15.7529
A,2,6,164,2.2454,12.3308,0.6721,,,15.4582
A,2,6,165,2.3646,12.8041,0.6852,,,16.1258
A,2,6,166,2.6334,12.2292,0.8809,,,16.0711
A,2,6,167,2.1451,12.5408,0.7687,,,15.6913
A,2,6,168,2.2236,12.8274,0.6953,,,15.9734
A,2,6,169,2.2835,13.2961,0.7546,,,16.5983
A,2,6,170,3.0384,16.2424,0.7161,,,20.2695
A,2,6,171,2.4685,13.6399,0.8512,,,17.2238
A,2,6,172,2.1128,13.8593,0.6883,,,16.8871
A,2,6,173,2.5139,13.1835,0.8679,,,16.8717
A,2,6,174,2.4319,13.5642,1.0206,,,17.3007
A,2,6,175,2.2876,12.8946,0.6668,,,16.1431
A,2,6,176,2.8349,15.0254,0.6831,,,18.9305
A,2,6,177,2.32,13.1631,0.6819,,,16.3886
A,2,6,178,2.595,14.9418,0.7468,,,18.5099
A,2,6,179,2.3888,13.9376,0.8476,,,17.4728
A,2,6,180,2.4695,14.4515,0.7007,,,17.8785
A,2,6,181,2.293,12.6047,0.6899,,,15.8313
A,2,6,182,2.3927,12.5201,0.7568,,,16.0308
A,2,6,183,2.4685,16.3881,0.8785,,,20.0779
A,2,6,184,2.2685,12.2207,0.9618,,,15.8003
A,2,6,185,2.084,13.2336,0.7043,,,16.2784
A,2,6,186,2.0881,13.2125,0.6894,,,16.219
A,2,6,187,2.5038,13.5449,0.87,,,17.1874
A,2,6,188,2.12,14.3343,0.6699,,,17.353
A,2,6,189,2.4996,14.0202,1.2083,,,17.9739
A,2,6,190,2.1433,14.2181,0.6917,,,17.3029
A,2,6,191,2.4321,13.4487,1.033,,,17.1627
A,2,6,192,2.4561,13.8206,0.6705,,,17.2082
A,2,6,193,2.2752,13.8365,0.7861,,,17.1804
A,2,6,194,2.2185,12.5223,1.0876,,,16.1898
A,2,6,195,2.0901,12.7006,0.9027,,,16.0037
A,2,6,196,2.1684,13.8869,0.6939,,,16.9859
A,2,6,197,2.3773,12.3311,0.8787,,,15.8611
A,2,6,198,2.2656,13.5674,0.8343,,,16.9146
A,2,6,199,2.0672,13.4035,0.8025,,,16.4898
A,2,6,200,2.6756,13.2853,1.0762,,,17.3505
A,2,6,201,2.4503,13.0811,0.8079,,,16.6775
A,2,6,202,2.3311,13.6297,0.7543,,,16.9921
A,2,6,203,2.5006,13.0127,0.9906,,,16.7765
A,2,6,204,2.0595,14.5774,0.7455,,,17.6125
A,2,6,205,2.5832,15.106,0.7447,,,18.687
A,2,6,206,2.3592,12.6381,0.7659,,,16.0337
A,2,6,207,2.5149,12.2094,0.9645,,,16.0481
A,2,6,208,2.3844,12.6703,0.8935,,,16.2891
A,2,6,209,2.1085,16.5779,1.1119,,,20.04
A,2,6,210,2.1462,14.0825,0.7528,,,17.2353
A,2,6,211,2.4774,12.6395,0.8332,,,16.2816
A,2,6,212,2.6136,16.5996,1.4461,,,21.0019
A,2,6,213,2.2843,14.0289,0.787,,,17.3614
A,2,6,214,2.262,14.896,1.0389,,,18.4211
A,2,6,215,2.266,13.1416,0.8397,,,16.4742
A,2,6,216,2.2658,13.0511,0.7277,,,16.2605
A,2,6,217,2.4047,17.4639,0.8618,,,21.0009
A,2,6,218,2.1507,13.5156,0.8113,,,16.7808
A,2,6,219,2.08,13.295,0.6761,,,16.2555
A,2,6,220,2.4404,12.5163,0.6798,,,15.8923
A,2,6,221,2.3944,15.212,0.7249,,,18.6138
A,2,6,222,2.4193,16.4511,1.073,,,20.2782
A,2,6,223,2.5104,13.8084,1.186,,,17.7958
A,2,6,224,2.138,13.2152,0.6864,,,16.3326
A,2,6,225,2.2306,13.9064,0.7473,,,17.1043
A,2,6,226,2.6455,14.6009,0.7499,,,18.3293
A,2,6,227,2.3016,13.4064,0.724,,,16.7422
A,2,6,228,2.8013,15.8025,0.7005,,,19.6013
A,2,6,229,2.783,13.7144,1.0457,,,17.8344
A,2,6,230,2.3139,14.8099,0.8363,,,18.2144
A,2,6,231,2.503,17.9404,0.9875,,,21.765
A,2,6,232,2.0009,13.9124,0.7443,,,16.89
A,2,6,233,2.5333,12.3765,0.8731,,,16.1179
A,2,6,234,2.2923,12.6057,0.8981,,,16.0553
A,2,6,235,2.0869,13.3832,0.6832,,,16.394
A,2,6,236,2.2022,13.5139,0.7802,,,16.7363
A,2,6,237,2.55,11.9984,0.9471,,,15.7646
A,2,6,238,2.3338,14.286,0.7429,,,17.6382
A,2,6,239,2.2654,13.2668,0.6598,,,16.4431
A,2,6,240,2.331,13.3209,0.6746,,,16.5664
A,2,6,241,2.1617,16.8728,0.9585,,,20.2269
A,2,6,242,2.1962,12.645,0.7243,,,15.896
A,2,6,243,2.1507,12.7458,0.7262,,,15.8414
A,2,6,244,2.3232,12.9641,0.6669,,,16.2426
A,2,6,245,2.8358,16.4154,0.6654,,,20.157
A,2,6,246,2.3801,12.5096,0.8744,,,16.0351
A,2,6,247,2.2094,13.8499,0.8737,,,17.1799
A,2,6,248,2.3499,13.008,0.6613,,,16.3032
A,2,6,249,2.4959,13.0686,0.7703,,,16.6718
A,2,6,250,2.1332,16.5561,0.9186,,,20.0359
A,2,6,251,2.1419,14.2146,0.6216,,,17.277
A,2,6,252,2.365,13.5775,0.7066,,,16.9096
A,2,6,253,2.255,14.77,0.6247,,,17.915
A,2,6,254,2.3552,13.4076,0.6484,,,16.6839
A,2,6,255,2.6615,13.6692,0.6243,,,17.253
A,2,6,256,2.6214,14.161,0.6452,,,17.638
A,2,6,257,3.0368,14.4509,0.6202,,,18.4315
A,2,6,258,2.2554,14.5427,0.736,,,17.9347
A,2,6,259,2.2092,14.2077,0.6548,,,17.3326
A,2,6,260,2.3438,13.4801,0.8447,,,16.952
A,2,6,261,2.6505,21.1473,1.3956,,,25.7431
A,2,6,262,4.0946,15.6005,0.8409,,,20.9076
A,2,6,263,2.9439,15.3356,0.659,,,19.2282
A,2,6,264,2.4088,15.8096,0.9198,,,19.4591
A,2,6,265,2.7513,15.7069,0.7612,,,19.4418
A,2,6,266,2.1822,12.3756,0.7337,,,15.5163
A,2,6,267,2.3626,13.7498,0.7146,,,17.0722
A,2,6,268,2.0185,12.5783,0.618,,,15.4646
A,2,6,269,2.1485,11.8201,0.6251,,,14.8435
A,2,6,270,2.2067,13.2373,0.5712,,,16.2429
A,2,6,271,2.5592,13.2309,0.585,,,16.6313
A,2,6,272,2.2588,12.953,0.5834,,,16.0281
A,2,6,273,1.9391,13.7208,0.5684,,,16.4364
A,2,6,274,2.1822,12.7232,0.5528,,,15.7386
A,2,6,275,2.3358,15.4786,0.5704,,,18.6358
A,2,6,276,2.0408,12.6525,0.5628,,,15.4678
C,3,7,20,2.0373,13.1011,0.7512,0.9265,11.7577,28.7053
C,3,7,21,2.0112,14.5703,0.6548,1.0285,16.8466,35.3742
C,3,7,22,2.0336,13.0712,0.6575,0.9811,14.3959,31.4043
C,3,7,23,2.0419,13.3464,0.6433,1.2474,13.1942,30.7068
C,3,7,24,2.269,13.0485,0.6489,1.2182,12.3045,29.7026
C,3,7,25,3.3094,13.0573,0.8639,1.0354,12.4067,30.9613
C,3,7,26,2.9343,15.211,0.6459,0.9993,12.3493,32.3602
C,3,7,27,2.5478,13.5399,0.6564,1.0068,12.6075,30.5743
C,3,7,28,2.5529,13.861,0.6464,1.342,12.0798,30.7661
C,3,7,29,3.3209,13.5418,0.9579,1.0776,12.0398,31.1832
C,3,7,30,2.6764,12.5971,0.884,1.3116,15.5398,33.2972
C,3,7,31,2.0763,13.9586,0.6339,1.2071,13.5615,31.6899
C,3,7,32,2.8209,14.8936,0.6718,1.1278,13.7193,33.527
C,3,7,33,2.2157,15.1994,0.8395,1.2282,13.7381,33.4538
C,3,7,34,2.0899,14.1716,0.6349,1.1044,12.9723,31.2189
C,3,7,35,2.3348,12.8851,0.6461,1.0771,14.2386,31.4023
C,3,7,36,3.2861,14.6415,0.903,1.2917,12.1523,32.6583
C,3,7,37,2.1841,12.5999,0.8578,1.2561,12.5336,29.7599
C,3,7,38,2.5568,15.6787,0.7491,1.2777,12.0035,32.4989
C,3,7,39,2.8699,14.4455,0.6531,1.1088,12.0167,31.328
C,3,7,40,2.2565,13.3778,0.6487,1.1162,11.7518,29.4181
C,3,7,41,2.9239,14.8915,0.6149,1.101,12.2839,32.034
C,3,7,42,2.1112,13.6111,0.5941,1.1238,12.6483,30.3437
C,3,7,43,2.2448,13.2418,0.6047,1.1098,11.9565,29.3655
C,3,7,44,2.1662,14.3202,0.6079,1.2423,12.1739,30.7725
C,3,7,45,2.1679,14.5649,0.608,1.3734,12.1725,31.2269
C,3,7,46,2.642,14.1984,0.7611,1.2333,11.3341,30.4834
C,3,7,47,3.1927,12.7128,0.8178,1.2236,11.656,29.8862
C,3,7,48,2.8526,13.6579,0.832,1.1484,11.0726,29.8362
C,3,7,49,2.4916,13.7506,0.8826,1.2379,11.5823,30.226
C,3,7,50,2.5607,15.0912,0.6,1.2212,11.6607,31.4175
C,3,7,51,2.8442,14.5143,1.0315,1.5657,11.289,31.5458
C,3,7,52,2.6005,17.826,0.6084,1.1848,12.3188,34.8259
C,3,7,53,2.2091,13.8643,0.5856,1.2784,11.4111,29.6017
C,3,7,54,2.5854,13.9249,0.602,1.3995,11.1885,29.9153
C,3,7,55,2.6169,14.1656,0.5976,1.3803,11.2066,30.1874
C,3,7,56,2.8206,13.431,0.6014,1.3568,12.0197,30.4554
C,3,7,57,2.11,14.6315,0.7055,1.6077,12.2741,31.5884
C,3,7,58,2.4547,15.8646,0.7861,1.2502,12.263,32.8851
C,3,7,59,2.1515,14.972,0.765,1.5783,11.1532,30.9144
C,3,7,60,2.9467,18.7943,1.2584,1.2885,15.7845,40.4738
C,3,7,61,2.8723,15.0852,0.9388,1.23,12.0623,32.4726
C,3,7,62,2.188,16.4265,0.9931,1.6343,13.3317,34.9411
C,3,7,63,2.6344,208.0412,0.6119,1.0355,12.9755,225.5137
C,3,7,64,2.2357,15.4317,0.6545,1.2574,12.6838,32.4996
C,3,7,65,2.9005,14.8218,1.0768,1.1062,12.6945,32.8709
C,3,7,66,2.141,17.1685,0.7919,1.0101,12.8962,34.2831
C,3,7,67,2.2423,14.4162,0.8205,1.0009,13.019,31.7481
C,3,7,68,2.2437,12.8605,0.6194,1.051,12.5744,29.7818
C,3,7,69,2.0717,17.0964,0.6801,1.0666,13.085,34.2692
C,3,7,70,2.5294,16.8933,1.1128,1.3965,11.9322,34.1505
C,3,7,71,2.1094,16.3368,1.0284,1.2042,11.4651,32.6212
C,3,7,72,2.4058,13.4433,0.9694,1.1785,11.994,30.2404
C,3,7,73,2.6769,16.3734,0.7367,1.1699,13.1744,34.4108
C,3,7,74,2.9282,15.0085,0.8201,1.3164,12.1003,32.439
C,3,7,75,2.6638,14.9749,0.8369,1.5253,13.0156,33.2442
C,3,7,76,2.5857,15.9774,0.7341,1.0746,11.972,32.5643
C,3,7,77,2.1971,12.3328,0.7436,1.0898,12.793,29.4243
C,3,7,78,2.2109,14.1392,0.7633,1.0988,12.1229,30.5941
C,3,7,79,2.3705,15.3745,1.1806,1.5597,11.9008,32.7025
C,3,7,80,2.8506,15.8756,0.7665,1.3602,11.6925,32.8317
C,3,7,81,2.1931,14.1955,0.8224,1.7696,13.0308,32.2765
C,3,7,82,2.9659,16.4174,1.1217,1.4222,11.8798,34.0839
C,3,7,83,2.5743,11.9199,0.8847,1.3272,10.9976,27.9279
C,3,7,84,2.3884,12.8127,0.8459,1.3079,11.5872,29.19
C,3,7,85,2.4452,14.1074,0.8855,1.1285,11.3331,30.1881
C,3,7,86,2.378,16.0771,1.5035,1.1855,12.0553,33.4809
C,3,7,87,3.4795,16.7362,1.8457,1.104,11.4186,34.8351
C,3,7,88,2.9151,16.5494,0.9814,1.3871,11.6914,33.8371
C,3,7,89,2.5396,12.7002,0.6973,1.3316,11.5644,29.1087
C,3,7,90,2.3289,16.6318,0.6962,1.2274,15.6773,36.9036
C,3,7,91,2.5839,13.1265,1.0339,1.1329,12.7555,30.9091
C,3,7,92,2.3694,11.8879,1.3433,1.116,12.2971,29.2951
C,3,7,93,2.8388,15.8221,0.7008,1.6892,12.8733,34.2119
C,3,7,94,2.8457,14.1042,0.7786,1.1116,13.4365,32.5648
C,3,7,95,2.2728,15.8568,1.1152,1.3054,12.3043,33.2787
C,3,7,96,2.6418,14.3841,0.7227,1.1227,12.6503,31.775
C,3,7,97,2.1769,13.6928,0.8511,1.1492,12.2792,30.417
C,3,7,98,2.2393,12.6695,1.0184,1.1311,12.237,29.5646
C,3,7,99,2.1585,15.124,0.7695,1.7402,11.7547,31.9434
C,3,7,100,2.9714,16.2042,0.7325,1.4868,11.9893,33.6834
C,3,7,101,2.136,14.1015,0.8241,1.3957,11.4636,30.1712
C,3,7,102,2.2307,16.6763,0.8212,1.1845,12.8184,34.1132
C,3,7,103,2.2839,16.4907,1.1542,1.203,11.741,33.1409
C,3,7,104,2.7266,13.7546,0.8345,1.1848,12.9357,31.6801
C,3,7,105,2.1066,16.2855,1.2133,1.1928,12.7378,33.8042
C,3,7,106,2.3617,14.159,0.6813,1.1466,11.2141,29.8086
C,3,7,107,2.7722,16.1478,0.6994,1.6053,11.0436,32.5845
C,3,7,108,3.0125,15.9821,0.6829,1.1533,10.7946,31.8937
C,3,7,109,3.083,15.9113,0.6623,1.7464,11.9104,33.5809
C,3,7,110,2.7593,16.7411,0.6608,1.3713,11.3219,33.0963
C,3,7,111,2.3063,13.8205,0.6639,1.2386,11.1453,29.4483
C,3,7,112,2.2018,14.3084,0.6552,1.1815,12.0093,30.6278
C,3,7,113,2.1479,16.892,0.7515,1.3852,11.4295,32.8882
C,3,7,114,2.8198,12.4423,0.9464,1.2251,11.0359,28.7332
C,3,7,115,2.7736,15.2496,0.667,1.2513,11.0938,31.3239
C,3,7,116,2.7888,15.2138,0.7979,1.3282,13.1056,33.4998
C,3,7,117,2.381,16.8141,0.6767,1.3904,12.881,34.4467
C,3,7,118,2.1504,13.1694,0.6484,1.7267,11.8465,29.9039
C,3,7,119,2.6279,16.3344,0.7553,1.2035,12.8077,33.9816
C,3,7,120,2.4232,13.3256,0.6541,1.195,17.1654,35.0256
C,3,7,121,2.5853,16.0178,1.03,1.3759,13.2894,34.6191
C,3,7,122,2.1581,18.6666,0.6702,1.4367,12.9391,36.1459
C,3,7,123,2.1142,18.7234,0.6559,2.2523,13.3043,37.3225
C,3,7,124,2.7423,12.7241,0.9047,1.2411,12.6732,30.5474
C,3,7,125,2.3959,16.8258,1.2619,1.5561,13.1137,35.5111
C,3,7,126,2.1539,18.5616,0.7432,1.393,12.6263,35.7566
C,3,7,127,2.169,18.4093,0.6524,1.2425,12.1541,34.8883
C,3,7,128,2.153,17.012,0.7877,1.2675,13.0434,34.5287
C,3,7,129,2.408,18.5955,0.6474,1.2505,13.3224,36.4547
C,3,7,130,2.3481,17.9308,0.6461,1.3286,11.8348,34.3325
C,3,7,131,2.157,17.7262,0.6445,1.2468,11.6292,33.6686
C,3,7,132,2.2274,18.1243,0.8032,1.249,11.0648,33.7392
C,3,7,133,2.7465,17.2593,0.9916,1.5729,12.4709,35.444
C,3,7,134,2.5854,13.1461,1.0516,1.3846,11.3465,29.7754
C,3,7,135,2.511,16.493,0.6307,1.6662,11.5734,33.1514
C,3,7,136,2.5272,18.1882,0.6146,1.3377,12.0157,34.9204
C,3,7,137,2.4496,18.4852,0.7697,1.7671,11.4583,35.3715
C,3,7,138,2.7047,16.8674,0.637,1.4694,12.2186,34.1601
C,3,7,139,2.1408,14.6515,0.7431,1.5405,10.9038,30.3152
C,3,7,140,2.5108,16.0662,0.8581,1.2782,11.6693,32.6317
C,3,7,141,2.3917,18.2772,1.0326,1.4423,12.951,36.3846
C,3,7,142,2.3999,19.2966,0.8608,1.7771,11.7642,36.3768
C,3,7,143,2.6015,17.6619,0.6776,1.6928,11.4072,34.4396
C,3,7,144,2.7301,17.4981,0.6748,1.4074,11.5387,34.077
C,3,7,145,2.1336,17.8094,0.8988,1.3323,12.2853,34.7048
C,3,7,146,2.1384,18.5734,0.6936,1.4485,11.7524,34.8668
C,3,7,147,2.1359,19.2582,0.6876,1.7263,11.8832,35.9473
C,3,7,148,2.1593,17.3273,0.6987,1.3252,10.2944,32.069
C,3,7,149,2.7556,15.6203,0.696,1.6774,12.1783,33.1937
C,3,7,150,2.4771,18.5141,0.6837,1.9856,16.7851,40.7258
C,3,7,151,2.6736,14.6618,0.8055,1.391,13.3567,33.1546
C,3,7,152,2.0796,14.7735,0.6747,1.5456,12.3803,31.7082
C,3,7,153,2.5218,18.2721,1.0823,1.4946,14.3901,38.1355
C,3,7,154,2.0996,16.4525,0.7477,1.6321,12.5699,33.767
C,3,7,155,2.2961,14.3866,0.7252,1.3544,13.4271,32.4443
C,3,7,156,2.3637,17.2447,0.6626,1.3228,12.8206,34.7252
C,3,7,157,2.1473,18.6203,0.6811,1.8913,12.4596,36.058
C,3,7,158,2.4744,13.0858,0.8081,1.4824,11.9164,30.0277
C,3,7,159,2.637,16.7513,0.6567,1.6135,13.0898,35.0115
C,3,7,160,2.7291,15.3832,0.8937,1.3715,12.9027,33.5151
C,3,7,161,2.1916,13.7382,0.6723,1.5434,11.8365,30.2439
C,3,7,162,2.193,15.29,1.2258,1.384,13.2203,33.6309
C,3,7,163,2.2164,19.0553,0.6863,1.3716,12.7851,36.3786
C,3,7,164,2.158,18.6344,0.6772,1.5594,12.1216,35.5212
C,3,7,165,3.6858,15.8888,0.6919,1.7052,13.207,35.4679
C,3,7,166,2.9744,17.6507,1.0011,1.5404,11.1341,34.6294
C,3,7,167,3.0994,18.3457,1.1905,1.4466,11.3117,35.6441
C,3,7,168,2.4415,16.5903,0.6913,1.6057,11.9481,33.5232
C,3,7,169,2.3061,18.346,0.7627,2.0052,10.7276,34.5485
C,3,7,170,2.0806,18.5493,0.7247,1.6471,11.5186,34.7691
C,3,7,171,2.1987,15.5964,1.0909,1.5974,12.8549,33.6765
C,3,7,172,2.4179,19.2365,0.6992,1.3968,11.7217,35.7427
C,3,7,173,2.3448,18.6497,0.7026,1.4013,11.963,35.3303
C,3,7,174,2.3429,18.1821,0.7039,1.4125,11.8702,34.7486
C,3,7,175,2.122,16.6212,0.8024,1.4314,10.9159,32.1641
C,3,7,176,2.5179,13.1396,0.8383,1.7885,12.8522,31.3906
C,3,7,177,2.8888,17.3279,1.0405,1.5369,12.6451,35.7531
C,3,7,178,2.1336,18.8103,0.7125,1.3951,11.0934,34.3944
C,3,7,179,2.3512,13.8336,0.7625,1.4834,11.0067,29.6976
C,3,7,180,2.3647,16.5443,0.6846,1.8305,17.0427,38.8915
C,3,7,181,2.3588,17.2157,0.6857,1.9015,12.852,35.2614
C,3,7,182,3.122,19.9555,0.6922,1.4353,13.7505,39.2256
C,3,7,183,2.6324,17.9833,0.9356,2.1654,13.2594,37.333
C,3,7,184,2.337,15.1574,0.6814,1.9273,12.4655,32.8817
C,3,7,185,2.8473,15.5675,0.7161,1.5866,12.8473,33.7922
C,3,7,186,2.204,14.425,0.9399,1.7591,12.2772,31.8957
C,3,7,187,2.9349,17.7612,0.934,1.4266,12.4155,35.7127
C,3,7,188,2.4577,18.1438,1.0252,1.4507,13.4339,36.7914
C,3,7,189,2.1441,16.964,0.777,1.5199,13.0704,34.763
C,3,7,190,2.1785,15.1682,0.8587,1.6196,11.4888,31.5828
C,3,7,191,2.4029,18.0151,0.6773,2.0836,11.2722,34.9661
C,3,7,192,3.1154,17.1078,0.6743,2.0615,11.8551,35.1552
C,3,7,193,2.8991,16.8325,0.6921,1.6907,12.0009,34.3456
C,3,7,194,2.4115,14.6087,0.862,1.5903,11.5232,31.3145
C,3,7,195,2.9514,19.7431,0.6959,1.455,11.3239,36.4595
C,3,7,196,2.145,15.4962,0.6873,2.1809,12.1992,32.9599
C,3,7,197,2.432,18.3302,1.2385,1.5811,11.7876,35.6378
C,3,7,198,2.7235,17.83,1.2682,1.6682,11.0051,34.7581
C,3,7,199,2.9291,17.379,0.9426,1.5613,11.477,34.576
C,3,7,200,3.0695,18.7887,0.8326,1.4881,13.2185,37.6815
C,3,7,201,2.3745,18.5617,0.7333,1.6753,12.5465,36.1545
C,3,7,202,2.3295,19.158,0.9913,1.7555,12.2536,36.7471
C,3,7,203,3.0609,18.7246,0.7164,1.4772,11.7189,35.9895
C,3,7,204,2.2171,19.4556,0.7679,1.6625,11.9011,36.2737
C,3,7,205,2.2505,19.0411,0.7288,1.8646,11.5932,35.7536
C,3,7,206,2.362,17.4204,0.7711,1.678,11.0297,33.5182
C,3,7,207,2.5304,15.1708,0.9956,1.5961,11.1457,31.7466
C,3,7,208,2.3607,18.575,0.8774,1.7212,11.3619,35.294
C,3,7,209,2.6729,14.3166,1.2695,1.5165,11.6432,31.7702
C,3,7,210,2.4498,14.5604,0.7509,1.5278,17.3951,36.9566
C,3,7,211,2.0878,18.2699,0.8374,1.8833,13.3159,36.655
C,3,7,212,2.9049,16.3068,0.8789,1.4236,11.5873,33.3728
C,3,7,213,2.2418,15.0296,1.2295,1.7519,13.1905,33.7121
C,3,7,214,2.1654,18.8318,0.8876,1.4986,13.3746,36.9978
C,3,7,215,2.4203,18.4432,0.9714,1.5197,13.4091,37.0716
C,3,7,216,2.4303,12.2193,1.2642,1.6003,13.0134,30.9706
C,3,7,217,2.1488,21.1922,0.9915,1.3912,12.4096,38.3803
C,3,7,218,2.4853,27.44,1.1649,1.1943,11.4571,44.0043
C,3,7,219,2.7362,26.885,0.6748,1.5185,12.7338,44.8175
C,3,7,220,2.9876,21.6332,0.7514,1.3563,12.951,39.9646
C,3,7,221,2.8285,22.191,0.6682,1.2055,12.0968,39.2211
C,3,7,222,2.1323,19.182,0.6692,1.5593,12.3203,36.1218
C,3,7,223,2.4793,18.0751,0.9063,1.5999,11.9969,35.3925
C,3,7,224,2.8263,15.6288,0.6798,1.0885,12.0186,32.5007
C,3,7,225,2.0565,14.6211,0.675,1.1989,12.8878,31.6968
C,3,7,226,2.4916,13.8101,0.9408,1.1844,11.2716,29.9628
C,3,7,227,2.4929,13.8355,1.0517,1.1633,10.7798,29.5943
C,3,7,228,2.3077,13.7948,0.6526,1.6419,10.5997,29.3215
C,3,7,229,2.1244,13.4245,0.6712,1.11,10.4452,28.0616
C,3,7,230,2.6537,15.074,0.7294,1.3723,11.2032,31.3062
C,3,7,231,2.6059,15.6807,0.7788,1.182,10.6288,31.1418
C,3,7,232,2.2205,17.4635,0.6772,1.1352,11.0927,32.8316
C,3,7,233,2.2508,14.9201,0.6629,1.2459,11.1475,30.4933
C,3,7,234,2.1513,14.8966,0.6715,1.4777,11.5727,31.0304
C,3,7,235,2.1675,14.4407,0.6673,1.4715,10.8289,29.8386
C,3,7,236,2.369,14.1399,0.6751,1.6052,12.997,32.0459
C,3,7,237,2.5187,13.8529,0.7246,1.2334,11.9985,30.6239
C,3,7,238,2.6403,14.9276,0.6911,1.1443,11.251,30.929
C,3,7,239,2.2164,15.5796,0.6685,1.6519,11.5893,31.9702
C,3,7,240,2.9817,16.2492,0.7,1.229,15.9834,37.5443
C,3,7,241,2.333,12.7752,0.6712,1.1757,12.0313,29.2876
C,3,7,242,2.563,12.522,0.8964,1.1833,11.8517,29.3718
C,3,7,243,3.0127,15.7937,0.6594,1.3068,12.976,33.9742
C,3,7,244,2.3279,14.0437,1.1475,1.2323,11.3094,30.4681
C,3,7,245,2.946,13.1779,0.978,1.232,11.7031,30.4075
C,3,7,246,2.5331,12.7045,0.8695,1.4078,12.8178,30.6264
C,3,7,247,2.6018,14.5104,0.6661,1.1708,11.516,30.7379
C,3,7,248,2.3344,14.2278,0.7013,1.2104,12.06,30.7929
C,3,7,249,2.1409,18.4638,0.6213,1.1761,12.4195,35.0824
C,3,7,250,2.1204,12.8154,0.634,1.1968,12.1,29.1243
C,3,7,251,2.6249,14.2799,0.6241,1.1863,10.8723,29.8442
C,3,7,252,2.3249,12.4162,0.8738,1.7773,11.1745,28.9054
C,3,7,253,2.6354,12.5045,0.7554,1.351,11.265,28.7764
C,3,7,254,2.3287,14.6328,0.7395,1.3,19.1782,38.453
C,3,7,255,2.911,16.0953,0.7311,1.2687,12.5855,33.8393
C,3,7,256,2.5554,16.1846,1.5785,1.6909,13.4568,35.7635
C,3,7,257,3.6767,15.727,0.8404,1.2296,10.9274,32.6843
C,3,7,258,2.5195,13.6417,0.7546,1.3262,10.8361,29.3227
C,3,7,259,2.6052,13.5127,0.7742,1.4521,10.8137,29.4401
C,3,7,260,2.3123,16.7421,0.6151,1.24,12.4962,33.7075
C,3,7,261,2.3791,14.2455,0.5989,1.5612,12.3845,31.4368
C,3,7,262,3.2721,16.7614,0.6008,1.351,11.335,33.5429
C,3,7,263,2.1223,14.0191,0.6008,1.2871,11.3533,29.6405
C,3,7,264,2.1454,14.8906,0.5991,1.7043,10.3259,29.9318
C,3,7,265,2.278,14.4972,0.5987,1.3897,10.8889,29.93
C,3,7,266,1.9949,13.7324,0.8173,1.2805,10.9938,29.1017
C,3,7,267,2.5428,13.8871,0.7858,1.0196,11.3069,29.8087
C,3,7,268,2.3605,13.7581,0.6982,1.0595,11.0989,29.252
C,3,7,269,2.7064,17.0834,0.6498,1.1986,11.0138,32.9971
C,3,7,270,1.9909,14.2058,0.5702,1.1758,16.1653,34.3643
C,3,7,271,2.0138,14.2581,0.5568,1.1998,12.2877,30.5737
C,3,7,272,2.027,14.6892,0.6084,1.2714,11.6804,30.5903
C,3,7,273,2.1219,13.5128,0.5693,1.2783,12.7975,30.5475
C,3,7,274,2.5695,12.5724,0.7338,1.4798,11.8767,29.6092
C,3,7,275,2.3419,13.2583,0.5608,1.1674,12.3951,30.012
C,3,7,276,2.1525,12.7197,0.5522,1.1467,12.2807,29.1552
A,3,8,20,2.0991,16.1531,0.7989,,,19.1213
A,3,8,21,2.2781,12.8084,0.695,,,16.0368
A,3,8,22,2.0133,13.5078,0.6701,,,16.4135
A,3,8,23,2.2757,12.9986,0.6455,,,16.1333
A,3,8,24,2.428,12.6554,0.9643,,,16.4079
A,3,8,25,2.1422,13.4357,0.6451,,,16.5001
A,3,8,26,2.1545,12.7914,0.6517,,,15.815
A,3,8,27,2.3007,12.9672,0.6455,,,16.1358
A,3,8,28,2.8061,16.3425,0.6422,,,20.1902
A,3,8,29,2.6527,15.3736,0.7204,,,19.2085
A,3,8,30,2.3426,12.2856,0.6517,,,15.5344
A,3,8,31,2.4653,12.5942,0.8212,,,16.1683
A,3,8,32,2.1917,11.8241,0.8,,,15.0802
A,3,8,33,2.1222,12.1101,0.8376,,,15.3166
A,3,8,34,2.1265,13.7337,0.7233,,,16.849
A,3,8,35,2.1218,13.6207,0.6464,,,16.6049
A,3,8,36,2.507,13.9945,0.9602,,,17.7397
A,3,8,37,2.1319,12.4077,0.6038,,,15.4061
A,3,8,38,2.0554,13.3886,0.5942,,,16.2587
A,3,8,39,2.4558,13.0686,0.8043,,,16.6547
A,3,8,40,2.2299,12.8805,0.6565,,,16.0341
A,3,8,41,2.3638,13.0849,0.5989,,,16.2821
A,3,8,42,2.8054,12.1414,0.5913,,,15.8215
A,3,8,43,2.7224,16.0372,0.6005,,,19.6105
A,3,8,44,2.4829,13.1998,0.6193,,,16.6142
A,3,8,45,2.4583,15.8365,0.6147,,,19.1743
A,3,8,46,2.4684,12.8964,0.9576,,,16.6907
A,3,8,47,2.2564,12.3395,0.6162,,,15.4767
A,3,8,48,2.0588,13.6626,0.5927,,,16.5422
A,3,8,49,2.323,12.7028,0.5926,,,15.8758
A,3,8,50,2.5511,12.493,0.6428,,,15.9965
A,3,8,51,2.3984,12.122,0.9792,,,15.8143
A,3,8,52,2.2676,14.2046,0.5979,,,17.3251
A,3,8,53,2.2075,14.2204,0.8161,,,17.6596
A,3,8,54,2.242,12.6318,0.6669,,,15.7996
A,3,8,55,2.0678,13.681,0.6193,,,16.6
A,3,8,56,2.3914,13.1195,0.607,,,16.3581
A,3,8,57,2.661,13.5933,0.7228,,,17.2429
A,3,8,58,2.0651,13.4747,0.8345,,,16.5994
A,3,8,59,2.5884,12.9577,0.7528,,,16.6119
A,3,8,60,2.4091,12.218,0.96,,,15.8554
A,3,8,61,2.4614,13.2503,0.8449,,,16.8302
A,3,8,62,2.125,13.7424,0.7398,,,16.8238
A,3,8,63,2.6918,12.6704,0.8102,,,16.5343
A,3,8,64,2.1137,12.7292,0.6738,,,15.7967
A,3,8,65,2.0261,16.3428,0.9128,,,19.4936
A,3,8,66,2.238,13.5897,0.9255,,,16.9843
A,3,8,67,2.5991,13.9306,1.0032,,,17.7999
A,3,8,68,2.0651,13.9303,0.6255,,,16.8699
A,3,8,69,2.2585,13.2541,0.6378,,,16.4133
A,3,8,70,2.5246,15.3946,0.786,,,19.1408
A,3,8,71,2.4469,13.1256,0.9344,,,16.8935
A,3,8,72,2.3633,17.0162,1.0581,,,20.6973
A,3,8,73,2.3434,13.6024,0.8422,,,17.0458
A,3,8,74,2.4435,13.4807,0.9039,,,17.0912
A,3,8,75,2.3259,14.3512,0.7757,,,17.7266
A,3,8,76,2.4462,12.9388,0.7385,,,16.3548
A,3,8,77,2.4416,15.2661,0.7396,,,18.7123
A,3,8,78,2.5814,13.5707,0.9113,,,17.3023
A,3,8,79,2.1578,13.9301,1.1945,,,17.5644
A,3,8,80,2.3659,12.8646,0.7521,,,16.2727
A,3,8,81,2.5502,13.5951,0.9101,,,17.3369
A,3,8,82,2.175,15.7033,1.6176,,,19.732
A,3,8,83,2.0144,14.3008,0.9275,,,17.5001
A,3,8,84,2.4751,15.6729,0.8865,,,19.3034
A,3,8,85,2.2238,12.786,0.872,,,16.1647
A,3,8,86,2.4724,12.033,1.175,,,15.924
A,3,8,87,2.2938,13.1927,0.8949,,,16.6534
A,3,8,88,2.6197,13.3732,0.8976,,,17.1321
A,3,8,89,2.5898,12.6913,0.9036,,,16.4793
A,3,8,90,2.5395,14.7517,0.6718,,,18.1956
A,3,8,91,2.415,11.7941,0.7604,,,15.2376
A,3,8,92,2.7868,12.7052,1.0755,,,16.8477
A,3,8,93,2.0168,13.7369,0.7001,,,16.7009
A,3,8,94,2.3338,12.886,0.6911,,,16.1448
A,3,8,95,2.48,12.6572,0.9004,,,16.3529
A,3,8,96,2.3281,13.8272,0.7781,,,17.2116
A,3,8,97,2.147,12.2956,0.8454,,,15.5407
A,3,8,98,2.2588,12.5271,0.7345,,,15.7373
A,3,8,99,2.5809,11.933,0.7461,,,15.5637
A,3,8,100,2.7527,13.784,0.7916,,,17.6407
A,3,8,101,2.0999,13.523,0.8157,,,16.6611
A,3,8,102,2.4599,15.8625,0.8213,,,19.4167
A,3,8,103,2.4165,13.1945,1.0576,,,16.8961
A,3,8,104,2.2713,13.2467,1.1478,,,16.9303
A,3,8,105,2.5954,12.8662,0.6821,,,16.4319
A,3,8,106,2.4781,12.5833,0.6661,,,16.0498
A,3,8,107,2.3773,14.8154,0.6798,,,18.1318
A,3,8,108,2.2515,14.1089,1.0731,,,17.7846
A,3,8,109,2.2304,13.92,0.6739,,,17.0582
A,3,8,110,2.1755,13.5216,0.6615,,,16.5693
A,3,8,111,2.4497,11.8928,0.6513,,,15.2927
A,3,8,112,2.8925,12.3621,0.8952,,,16.4631
A,3,8,113,2.0485,13.5884,0.6557,,,16.5796
A,3,8,114,2.1692,13.6365,0.694,,,16.715
A,3,8,115,2.6274,13.0754,0.991,,,17.0235
A,3,8,116,2.1167,13.6348,0.654,,,16.6384
A,3,8,117,2.2482,13.8862,1.1301,,,17.6848
A,3,8,118,2.1081,13.4391,0.7043,,,16.5088
A,3,8,119,2.0916,13.1453,0.6487,,,16.107
A,3,8,120,2.5671,12.8945,0.7135,,,16.5089
A,3,8,121,2.4857,13.9037,0.6462,,,17.2994
A,3,8,122,2.1291,13.4073,0.6954,,,16.4516
A,3,8,123,2.6713,11.626,0.6655,,,15.219
A,3,8,124,2.4358,12.5141,0.7475,,,15.976
A,3,8,125,2.3459,12.5317,0.984,,,16.1582
A,3,8,126,2.183,13.6388,0.6515,,,16.7426
A,3,8,127,2.3068,14.4149,1.0029,,,18.0133
A,3,8,128,2.2646,13.4676,0.6462,,,16.631
A,3,8,129,2.3009,13.2975,0.7647,,,16.5786
A,3,8,130,2.4862,13.6978,0.7442,,,17.187
A,3,8,131,2.0999,14.2647,0.6475,,,17.2432
A,3,8,132,2.5189,12.4241,0.6538,,,15.877
A,3,8,133,2.4988,11.9199,0.8231,,,15.6015
A,3,8,134,2.3773,12.5595,1.005,,,16.2542
A,3,8,135,2.4754,12.9172,0.6311,,,16.2963
A,3,8,136,2.1984,13.2495,0.7732,,,16.4448
A,3,8,137,2.4614,12.7652,0.795,,,16.3903
A,3,8,138,2.1632,13.7875,0.6311,,,16.8319
A,3,8,139,2.0973,13.2594,0.6732,,,16.2347
A,3,8,140,2.5091,12.0445,0.7597,,,15.5856
A,3,8,141,2.7511,11.7499,0.9629,,,15.7598
A,3,8,142,2.2357,12.0748,0.8816,,,15.5366
A,3,8,143,2.6893,12.7162,0.7145,,,16.4105
A,3,8,144,2.1618,13.3482,0.6784,,,16.4038
A,3,8,145,2.4157,12.3452,0.7361,,,15.7601
A,3,8,146,2.5215,12.9896,0.8305,,,16.6283
A,3,8,147,2.075,16.383,1.2573,,,20.0239
A,3,8,148,2.047,13.7527,0.6822,,,16.7471
A,3,8,149,2.2958,13.1244,0.6829,,,16.3549
A,3,8,150,2.5331,13.41,0.9092,,,17.1583
A,3,8,151,2.1673,12.3608,0.6802,,,15.4653
A,3,8,152,2.0897,13.8042,0.6815,,,16.7873
A,3,8,153,2.4416,12.7964,0.6808,,,16.228
A,3,8,154,2.3675,12.9126,0.8123,,,16.3643
A,3,8,155,2.256,12.4421,0.7057,,,15.654
A,3,8,156,2.1113,13.6127,0.6707,,,16.6172
A,3,8,157,2.5126,12.984,0.7907,,,16.5459
A,3,8,158,2.3451,13.9002,0.697,,,17.2365
A,3,8,159,2.12,13.3648,0.6633,,,16.3671
A,3,8,160,2.3899,13.0966,1.0365,,,16.8175
A,3,8,161,2.2766,11.3736,0.8863,,,14.7992
A,3,8,162,2.2548,13.5739,0.6765,,,16.7688
A,3,8,163,2.0889,15.8968,0.9435,,,19.1458
A,3,8,164,2.0717,13.5947,0.6737,,,16.5705
A,3,8,165,2.2888,16.3861,0.8021,,,19.6962
A,3,8,166,2.3196,13.43,0.6747,,,16.6369
A,3,8,167,2.6007,12.7149,0.8852,,,16.5308
A,3,8,168,2.0878,13.9137,0.6846,,,16.9508
A,3,8,169,2.2588,16.383,0.7495,,,19.645
A,3,8,170,2.0639,13.5205,0.7573,,,16.5616
A,3,8,171,2.6449,12.4872,0.9432,,,16.4249
A,3,8,172,2.1236,11.5421,0.8237,,,14.7747
A,3,8,173,2.3097,13.2319,0.7406,,,16.5904
A,3,8,174,2.0696,13.6255,0.689,,,16.5871
A,3,8,175,2.4159,12.3461,0.6737,,,15.7062
A,3,8,176,2.4776,12.1813,0.71,,,15.7032
A,3,8,177,2.2749,12.5256,0.8884,,,16.0076
A,3,8,178,2.0811,13.4362,0.7091,,,16.4881
A,3,8,179,2.1105,12.5337,0.685,,,15.53
A,3,8,180,2.3045,13.3466,0.7771,,,16.6889
A,3,8,181,2.5941,12.7176,0.8316,,,16.4257
A,3,8,182,2.0757,13.7255,0.6872,,,16.7209
A,3,8,183,2.2946,13.791,0.8907,,,17.2331
A,3,8,184,2.3651,12.1247,0.78,,,15.5175
A,3,8,185,2.3563,13.2391,0.6868,,,16.5522
A,3,8,186,2.1795,12.669,0.7017,,,15.7543
A,3,8,187,2.397,13.3633,0.7022,,,16.7549
A,3,8,188,3.0378,12.521,0.7267,,,16.569
A,3,8,189,2.09,14.7783,0.6653,,,17.7488
A,3,8,190,2.8348,16.1124,0.6651,,,19.9125
A,3,8,191,2.4342,14.9002,0.6664,,,18.2268
A,3,8,192,2.0678,18.0531,0.7233,,,21.0566
A,3,8,193,3.1731,16.2573,0.6734,,,20.3425
A,3,8,194,2.4405,14.3744,0.8729,,,17.9783
A,3,8,195,2.1189,16.2732,0.9577,,,19.5686
A,3,8,196,2.0679,15.6863,0.9157,,,19.1198
A,3,8,197,2.3752,16.1548,0.9981,,,19.8063
A,3,8,198,2.1773,12.223,0.9272,,,15.6068
A,3,8,199,2.3123,16.6584,1.4783,,,20.6759
A,3,8,200,2.0832,14.0104,0.6841,,,17.0304
A,3,8,201,2.9846,12.9695,1.0886,,,17.4596
A,3,8,202,2.2343,15.1822,0.745,,,18.4122
A,3,8,203,2.4228,14.3118,0.7171,,,17.721
A,3,8,204,2.2033,14.0469,0.7465,,,17.2159
A,3,8,205,2.4397,14.021,0.7223,,,17.4606
A,3,8,206,2.1347,16.385,0.9428,,,19.682
A,3,8,207,2.2632,15.4558,1.5368,,,19.5267
A,3,8,208,2.335,12.4639,0.7818,,,15.854
A,3,8,209,2.0986,13.6298,0.7552,,,16.7071
A,3,8,210,2.5444,15.8111,0.7525,,,19.4077
A,3,8,211,2.5822,13.4825,1.0702,,,17.439
A,3,8,212,2.1053,13.9089,0.81,,,17.069
A,3,8,213,2.3634,17.0947,0.8806,,,20.6081
A,3,8,214,2.21,16.3866,0.9285,,,19.783
A,3,8,215,2.7703,13.3766,1.1173,,,17.6154
A,3,8,216,2.1182,15.428,0.731,,,18.5484
A,3,8,217,3.0863,12.495,0.9451,,,16.7884
A,3,8,218,2.1127,15.0336,0.7372,,,18.1361
A,3,8,219,2.6201,15.8143,0.6665,,,19.3556
A,3,8,220,3.0617,16.853,0.6663,,,20.8112
A,3,8,221,2.8086,15.6626,0.6656,,,19.377
A,3,8,222,2.7366,12.0657,0.6997,,,15.7817
A,3,8,223,2.3038,13.973,0.7574,,,17.2909
A,3,8,224,2.3148,14.604,0.9152,,,18.2121
A,3,8,225,2.2518,11.8311,0.9723,,,15.2922
A,3,8,226,2.1788,13.0898,0.6807,,,16.2251
A,3,8,227,2.0697,13.8818,0.6748,,,16.8433
A,3,8,228,2.4702,14.0366,0.7862,,,17.5981
A,3,8,229,2.2279,14.4669,0.6648,,,17.6137
A,3,8,230,2.6246,15.3226,0.6681,,,18.897
A,3,8,231,3.0258,16.85,0.6767,,,20.8619
A,3,8,232,3.1549,14.534,0.6826,,,18.6085
A,3,8,233,2.1639,14.044,0.6642,,,17.2358
A,3,8,234,2.358,11.9415,0.8076,,,15.3648
A,3,8,235,2.4585,16.2195,0.9253,,,19.9102
A,3,8,236,2.5156,14.873,0.6868,,,18.3434
A,3,8,237,2.4201,12.3207,0.6771,,,15.7166
A,3,8,238,2.4934,12.3826,0.9004,,,16.0418
A,3,8,239,2.3311,13.8991,0.6745,,,17.1871
A,3,8,240,2.1205,17.1875,0.6607,,,20.1984
A,3,8,241,2.3532,17.5127,0.775,,,20.8992
A,3,8,242,2.6011,12.8267,0.9842,,,16.8559
A,3,8,243,2.3494,12.4335,0.8814,,,15.9299
A,3,8,244,2.0767,11.5901,0.744,,,14.622
A,3,8,245,2.0948,12.8615,0.7753,,,15.9722
A,3,8,246,2.6982,16.6201,0.6851,,,20.2512
A,3,8,247,2.263,14.5658,1.1204,,,18.5283
A,3,8,248,2.3315,14.9131,0.6562,,,18.1689
A,3,8,249,2.6783,16.2002,0.8136,,,20.0078
A,3,8,250,2.3222,12.1413,0.5981,,,15.3207
A,3,8,251,2.49,16.0868,0.6025,,,19.4552
A,3,8,252,2.7029,13.4695,0.6316,,,17.0685
A,3,8,253,2.5863,14.0073,0.6226,,,17.4638
A,3,8,254,2.7496,15.2943,0.5998,,,19.0173
A,3,8,255,2.2972,13.5787,0.6016,,,16.7294
A,3,8,256,3.0449,14.0595,0.6662,,,18.0405
A,3,8,257,2.1964,12.9946,0.6131,,,16.0601
A,3,8,258,2.2884,12.3539,0.5984,,,15.4928
A,3,8,259,2.3788,12.3033,0.5943,,,15.5462
A,3,8,260,2.6174,15.0854,0.6065,,,18.5924
A,3,8,261,2.6284,13.655,1.2146,,,17.9916
A,3,8,262,2.1951,13.5681,0.6545,,,16.6816
A,3,8,263,2.3255,17.7289,0.6092,,,20.8954
A,3,8,264,3.0103,16.1017,0.6049,,,20.1428
A,3,8,265,2.4112,12.9203,0.7079,,,16.3015
A,3,8,266,2.1656,14.1692,0.5996,,,17.1803
A,3,8,267,2.1062,18.1017,0.7028,,,21.1278
A,3,8,268,2.284,14.3737,0.7294,,,17.6178
A,3,8,269,1.9925,15.2587,0.5827,,,18.0692
A,3,8,270,2.3303,15.4887,0.5924,,,18.6709
A,3,8,271,2.0322,12.9674,0.5725,,,15.7912
A,3,8,272,2.2256,12.211,0.5551,,,15.25
A,3,8,273,2.2652,13.5284,0.8655,,,16.9882
A,3,8,274,2.0999,15.503,0.5633,,,18.4141
A,3,8,275,2.559,13.1892,0.7396,,,16.7494
A,3,8,276,1.9514,15.5929,0.5588,,,18.3246
B,3,9,20,2.4418,13.9571,0.9436,0.9996,,18.4204
B,3,9,21,1.9132,14.8742,0.6581,1.2063,,18.8924
B,3,9,22,2.0791,14.7417,0.913,1.0559,,19.0422
B,3,9,23,2.4557,14.3118,0.7315,0.9969,,18.758
B,3,9,24,2.8352,16.2971,0.6504,1.1685,,21.2055
B,3,9,25,2.7102,17.8334,0.7843,1.1019,,22.8706
B,3,9,26,1.9762,16.5373,0.6774,1.0604,,20.6067
B,3,9,27,2.163,13.6753,0.9041,1.5866,,18.6556
B,3,9,28,2.1114,18.31,0.7488,1.1072,,22.5332
B,3,9,29,2.3214,14.8579,0.6753,1.0182,,19.1172
B,3,9,30,2.4877,16.2508,0.708,1.2387,,20.913
B,3,9,31,2.6465,17.2254,0.8631,1.4356,,22.7972
B,3,9,32,2.1257,15.6079,0.7391,1.2275,,19.9452
B,3,9,33,2.0379,16.8506,0.7264,1.0688,,20.9312
B,3,9,34,2.8406,17.0843,0.6468,1.3769,,22.2173
B,3,9,35,2.1534,14.4079,0.8039,1.0726,,18.701
B,3,9,36,2.4146,13.3562,0.9866,1.2927,,18.3454
B,3,9,37,1.9967,12.6834,0.6905,1.0696,,16.6766
B,3,9,38,2.4867,14.2266,0.7461,1.0907,,18.9594
B,3,9,39,2.4747,17.4586,0.5912,1.3426,,22.1866
B,3,9,40,2.707,16.8001,0.6729,1.1305,,21.5727
B,3,9,41,2.0334,13.2693,0.6082,1.0989,,17.217
B,3,9,42,2.404,12.4085,0.6102,1.2017,,16.9618
B,3,9,43,2.0067,16.1458,0.96,1.2299,,20.9494
B,3,9,44,2.0188,16.692,0.6671,1.1338,,20.7784
B,3,9,45,2.3698,17.9299,0.6067,1.5677,,22.7155
B,3,9,46,2.1758,14.0683,0.5994,1.1455,,18.2552
B,3,9,47,2.3301,13.4722,1.0511,1.1915,,18.3729
B,3,9,48,2.3956,13.965,0.596,1.3514,,18.5775
B,3,9,49,2.222,13.7513,0.6195,1.2376,,18.0818
B,3,9,50,2.5063,13.5806,0.887,1.1789,,18.4872
B,3,9,51,2.499,13.8586,0.7262,1.8512,,19.2463
B,3,9,52,2.0497,18.3852,0.6038,1.1965,,22.4841
B,3,9,53,2.3977,13.161,0.7488,1.2289,,17.793
B,3,9,54,2.5876,17.0792,0.8094,1.198,,21.8942
B,3,9,55,2.4895,12.9537,0.7824,1.2358,,17.7224
B,3,9,56,2.491,15.899,0.7412,1.2316,,20.5856
B,3,9,57,2.6175,12.8518,0.6677,1.4127,,17.75
B,3,9,58,2.2944,17.0173,1.1781,1.5346,,22.3645
B,3,9,59,2.1056,15.6311,1.0196,1.2647,,20.2738
B,3,9,60,2.1491,18.0669,0.9497,2.0297,,23.4919
B,3,9,61,2.0408,14.6767,0.8313,1.9692,,19.7816
B,3,9,62,2.1593,14.734,0.681,1.1104,,18.9276
B,3,9,63,2.2419,17.2162,1.0641,1.3463,,22.219
B,3,9,64,2.3913,13.2699,0.6592,1.0072,,17.5461
B,3,9,65,2.3861,15.551,0.7862,1.2102,,20.1901
B,3,9,66,2.7561,19.1882,0.7891,0.9774,,23.9525
B,3,9,67,2.6251,15.8441,0.7539,0.987,,20.446
B,3,9,68,2.5067,13.7074,0.7669,0.9953,,18.2174
B,3,9,69,2.011,14.0756,0.8907,1.4782,,18.7303
B,3,9,70,2.1049,14.9207,0.7882,1.4114,,19.4706
B,3,9,71,2.1905,13.9412,0.6836,1.0416,,18.1038
B,3,9,72,2.3597,13.7429,0.7751,1.0705,,18.1723
B,3,9,73,2.331,15.2995,1.1305,1.0772,,20.1192
B,3,9,74,2.4908,15.5608,0.9203,1.2684,,20.5434
B,3,9,75,2.2966,18.6743,0.9114,1.7173,,23.8874
B,3,9,76,2.4603,14.8449,1.1119,1.2668,,19.9366
B,3,9,77,2.117,14.0814,0.7487,1.1783,,18.3587
B,3,9,78,2.4428,13.154,0.7609,1.0813,,17.6976
B,3,9,79,2.2781,12.6994,0.8246,1.3078,,17.352
B,3,9,80,2.4632,12.5973,0.9013,1.0905,,17.317
B,3,9,81,2.0364,13.8005,0.827,1.7337,,18.614
B,3,9,82,2.0074,14.1606,0.8984,1.2417,,18.5575
B,3,9,83,3.4333,19.7122,0.8922,1.3482,,25.6121
B,3,9,84,2.4419,17.7446,0.9146,1.2052,,22.5649
B,3,9,85,2.4688,17.5682,0.8728,1.67,,22.8955
B,3,9,86,2.2888,12.5287,1.1298,1.158,,17.3793
B,3,9,87,2.7554,13.518,1.2224,1.0929,,18.9311
B,3,9,88,2.0222,13.455,0.8664,1.14,,17.7093
B,3,9,89,2.2133,14.5661,0.8015,1.2187,,19.0674
B,3,9,90,2.5674,13.3432,0.7061,1.1294,,18.0536
B,3,9,91,2.0165,17.9882,0.7933,1.1148,,22.1365
B,3,9,92,2.5405,16.0545,0.8641,1.4506,,21.2073
B,3,9,93,2.2613,13.8034,0.7918,1.46,,18.5987
B,3,9,94,2.7285,15.851,0.9066,1.2899,,21.1075
B,3,9,95,2.2647,14.3643,0.6943,1.1511,,18.733
B,3,9,96,2.3684,13.6834,0.9321,1.2874,,18.5474
B,3,9,97,2.259,19.1558,1.2175,1.7175,,24.8318
B,3,9,98,2.4768,14.398,0.9066,1.3485,,19.3886
B,3,9,99,2.1149,17.4894,0.8537,1.2482,,22.0102
B,3,9,100,3.2651,16.5579,0.8728,1.6913,,22.7451
B,3,9,101,2.1069,13.3645,0.8416,1.1875,,17.745
B,3,9,102,2.4747,17.4192,1.4877,1.2754,,23.0532
B,3,9,103,2.4674,13.5064,0.8236,1.5763,,18.664
B,3,9,104,2.1578,14.1965,0.78,1.3233,,18.7183
B,3,9,105,2.2289,12.7627,0.6891,1.365,,17.3012
B,3,9,106,2.4174,19.0406,0.8429,2.2013,,24.8565
B,3,9,107,2.1817,17.9485,0.8585,1.4548,,22.7069
B,3,9,108,2.3305,14.2533,1.0021,1.162,,19.0198
B,3,9,109,2.8995,16.7727,0.7326,1.5001,,22.1703
B,3,9,110,2.7503,16.2306,1.0968,1.2446,,21.6134
B,3,9,111,2.1971,13.5153,0.6649,1.2953,,17.9715
B,3,9,112,2.1677,14.2308,0.6619,1.1865,,18.5043
B,3,9,113,2.7233,12.6806,0.8485,1.2878,,17.8058
B,3,9,114,1.9787,13.4946,0.6862,1.1712,,17.5575
B,3,9,115,2.7933,12.6216,0.7114,1.2244,,17.6371
B,3,9,116,1.9936,13.2004,0.6759,1.1849,,17.271
B,3,9,117,2.5411,17.4459,1.0243,1.2661,,22.7614
B,3,9,118,2.066,15.1648,0.9234,1.4969,,19.9893
B,3,9,119,2.6382,16.8702,0.6571,1.2003,,21.6542
B,3,9,120,2.3532,12.8697,0.8677,1.7014,,18.0714
B,3,9,121,2.269,14.185,0.647,1.8083,,19.1558
B,3,9,122,2.1601,13.726,0.6618,1.2127,,18.0063
B,3,9,123,2.6747,17.5582,1.0635,1.3017,,22.9384
B,3,9,124,2.4066,18.4076,0.6503,1.4324,,23.1347
B,3,9,125,2.229,15.3532,0.6567,1.4506,,19.933
B,3,9,126,2.4749,16.7786,0.8421,1.387,,21.7679
B,3,9,127,2.0703,17.8809,0.6632,1.3894,,22.2539
B,3,9,128,2.7337,16.8797,0.7545,1.7722,,22.4585
B,3,9,129,2.0634,17.9921,0.6513,1.4202,,22.3779
B,3,9,130,2.2408,13.0814,1.0338,1.3299,,18.1494
B,3,9,131,2.624,15.6203,0.7603,1.2772,,20.5189
B,3,9,132,2.6604,17.0885,0.6781,1.3431,,22.0443
B,3,9,133,2.4504,14.5172,0.7205,1.26,,19.2067
B,3,9,134,2.4708,13.1012,1.0204,1.2878,,18.1316
B,3,9,135,2.141,13.6382,0.6315,1.3697,,18.0219
B,3,9,136,2.3302,15.4468,0.616,1.686,,20.3227
B,3,9,137,2.1836,15.0204,0.615,1.6231,,19.7094
B,3,9,138,2.1467,12.5819,0.7309,1.2397,,16.9349
B,3,9,139,2.0001,16.2757,0.7501,1.26,,20.515
B,3,9,140,2.1359,12.6126,0.7688,1.3134,,17.0474
B,3,9,141,2.4372,12.5403,1.1308,1.2733,,17.6253
B,3,9,142,2.5871,17.8369,0.6866,1.9901,,23.3249
B,3,9,143,2.1094,14.5941,0.6897,1.9651,,19.6066
B,3,9,144,2.1246,17.1928,1.1819,1.3222,,22.0804
B,3,9,145,2.5697,14.212,1.108,1.5628,,19.9483
B,3,9,146,2.5925,13.1269,0.6993,1.6212,,18.3116
B,3,9,147,2.1242,14.9993,0.7058,1.4559,,19.5483
B,3,9,148,2.2916,14.8754,0.6883,1.3893,,19.5009
B,3,9,149,2.4017,17.7903,1.0379,1.3169,,22.8177
B,3,9,150,2.1942,16.8383,0.6857,1.3056,,21.2929
B,3,9,151,2.3492,12.3522,0.6862,1.5127,,17.1702
B,3,9,152,2.1962,14.6216,0.6819,1.5459,,19.3042
B,3,9,153,2.1314,15.0774,0.6817,1.5604,,19.7527
B,3,9,154,2.1243,15.3002,0.6754,1.5355,,19.903
B,3,9,155,2.3229,15.1883,0.6579,1.7822,,20.1957
B,3,9,156,2.1983,16.8842,1.1309,1.3424,,21.9604
B,3,9,157,2.1912,14.8556,0.7869,1.406,,19.4723
B,3,9,158,2.3982,18.0372,0.6788,1.408,,22.7241
B,3,9,159,2.2493,14.5713,0.7113,1.3639,,19.1563
B,3,9,160,2.3258,15.709,0.6904,1.5002,,20.4695
B,3,9,161,2.4449,14.5701,0.673,1.3562,,19.4388
B,3,9,162,2.4391,13.2947,0.8222,1.3887,,18.1846
B,3,9,163,2.0633,16.259,0.8055,1.365,,20.748
B,3,9,164,2.572,13.7659,0.9616,1.7034,,19.3026
B,3,9,165,2.0521,14.4199,0.6836,1.7233,,19.1533
B,3,9,166,1.9924,17.416,0.7861,1.3788,,21.8242
B,3,9,167,2.5604,17.2114,0.666,1.8693,,22.6947
B,3,9,168,2.0575,13.4005,0.686,1.3677,,17.7595
B,3,9,169,2.2201,12.7391,0.7503,1.8012,,17.8044
B,3,9,170,2.0778,15.3695,0.9481,1.8916,,20.5432
B,3,9,171,1.9689,14.9858,0.9302,1.5339,,19.8397
B,3,9,172,2.4826,13.4602,0.6962,1.4789,,18.3602
B,3,9,173,2.2518,15.1464,0.6917,1.9303,,20.2621
B,3,9,174,2.0915,17.8969,1.1448,1.6869,,23.1383
B,3,9,175,2.5622,13.8282,1.3312,1.408,,19.3854
B,3,9,176,2.4626,13.7781,0.8597,1.5572,,18.9209
B,3,9,177,2.0801,13.9324,0.6893,1.9225,,18.885
B,3,9,178,2.5541,15.1652,0.7192,1.6584,,20.3947
B,3,9,179,2.2481,15.2917,0.8149,1.735,,20.43
B,3,9,180,2.4791,14.3614,0.6952,1.6868,,19.4616
B,3,9,181,2.6439,13.6791,0.6912,1.612,,18.8465
B,3,9,182,2.3716,13.6102,0.7487,1.422,,18.4003
B,3,9,183,2.4791,17.1825,0.8492,1.7669,,22.5317
B,3,9,184,2.5872,15.3504,0.9342,1.554,,20.8207
B,3,9,185,2.2793,13.8115,0.686,1.5202,,18.5379
B,3,9,186,2.1767,13.8347,0.6817,1.403,,18.332
B,3,9,187,2.5409,13.5499,0.9107,1.446,,18.7862
B,3,9,188,2.0397,13.0496,0.6727,1.5185,,17.49
B,3,9,189,2.2535,12.6979,0.7611,1.4924,,17.4477
B,3,9,190,2.1812,13.3863,0.68,1.6411,,18.1649
B,3,9,191,2.1139,14.6506,0.6872,1.6332,,19.3286
B,3,9,192,2.2736,15.3127,0.6936,1.6341,,20.1744
B,3,9,193,2.6616,14.3268,0.6974,1.6152,,19.5778
B,3,9,194,2.2249,12.9468,0.9133,1.503,,17.8358
B,3,9,195,2.2434,13.1492,0.6957,1.7752,,18.1761
B,3,9,196,2.3225,13.5515,0.6885,1.4495,,18.2609
B,3,9,197,2.474,13.13,0.9737,1.4674,,18.3773
B,3,9,198,2.0416,13.3757,0.6797,1.7745,,18.1385
B,3,9,199,2.1177,13.9209,0.704,1.4516,,18.4395
B,3,9,200,2.8704,17.0015,1.0201,1.5935,,22.8794
B,3,9,201,2.0965,15.216,1.122,1.571,,20.2701
B,3,9,202,2.1413,13.2276,0.7476,1.5705,,17.9044
B,3,9,203,2.3637,14.3684,0.7624,1.4994,,19.2519
B,3,9,204,2.394,14.4229,0.7921,1.6327,,19.4742
B,3,9,205,2.4666,14.4972,1.0725,1.9234,,20.2848
B,3,9,206,2.5005,13.661,0.7924,1.7778,,18.9718
B,3,9,207,2.3371,13.2506,1.2899,1.6472,,18.8375
B,3,9,208,2.1285,13.4149,0.7704,1.8027,,18.3278
B,3,9,209,2.2976,14.4329,0.7644,1.6371,,19.3654
B,3,9,210,2.3868,15.2977,0.7639,1.7361,,20.4461
B,3,9,211,2.1649,13.9113,0.8427,1.5051,,18.6722
B,3,9,212,2.4571,12.9913,1.2337,1.3166,,18.3236
B,3,9,213,2.0923,14.1069,0.8452,1.8664,,19.1956
B,3,9,214,1.9992,13.6686,0.9138,1.7716,,18.5931
B,3,9,215,2.2385,14.2684,0.9025,1.3164,,18.9689
B,3,9,216,2.5657,17.5581,0.959,1.6413,,23.0423
B,3,9,217,2.3274,15.2159,1.0511,1.392,,20.2744
B,3,9,218,2.0109,16.1275,0.7623,1.0654,,20.2657
B,3,9,219,2.1577,14.2519,0.8356,1.5706,,19.0563
B,3,9,220,2.3175,13.9584,0.7176,1.3213,,18.5676
B,3,9,221,2.2522,12.592,0.7387,1.1519,,16.9825
B,3,9,222,2.6054,13.303,0.6751,1.3032,,18.1284
B,3,9,223,2.5803,14.8396,0.6687,1.226,,19.5762
B,3,9,224,2.2633,15.0292,0.6767,1.1461,,19.3764
B,3,9,225,2.4294,13.1885,0.8517,1.1176,,17.8772
B,3,9,226,2.0091,22.2655,1.0305,1.7742,,27.3613
B,3,9,227,4.1484,15.9875,0.8289,1.2751,,22.4964
B,3,9,228,2.2043,14.6501,0.9429,1.3404,,19.4791
B,3,9,229,2.023,13.8302,0.6631,1.2677,,18.0188
B,3,9,230,2.3259,14.2952,0.6944,1.166,,18.7474
B,3,9,231,2.5731,13.1511,0.9069,1.4188,,18.4273
B,3,9,232,2.5124,13.9507,0.679,1.4898,,18.8985
B,3,9,233,2.166,13.7838,0.6765,1.1199,,17.9845
B,3,9,234,2.5781,12.9594,1.0482,1.2427,,18.0937
B,3,9,235,2.1274,15.099,1.044,1.6022,,20.1912
B,3,9,236,2.464,14.6043,1.0572,1.6754,,20.1322
B,3,9,237,2.2321,14.4041,0.8414,1.3259,,19.0792
B,3,9,238,2.248,14.8011,0.6651,1.5367,,19.5766
B,3,9,239,2.1669,14.9888,0.6733,1.6833,,19.7656
B,3,9,240,2.2962,13.2287,0.6651,1.1958,,17.6294
B,3,9,241,2.2383,12.7556,0.6793,1.6356,,17.5364
B,3,9,242,1.9966,13.4941,0.6747,1.1416,,17.5494
B,3,9,243,2.3128,13.1028,0.806,1.4337,,17.8886
B,3,9,244,2.0942,13.4561,0.665,1.1512,,17.611
B,3,9,245,2.6719,16.5175,0.6586,1.4253,,21.5349
B,3,9,246,2.1121,14.6612,0.665,1.2066,,18.9004
B,3,9,247,2.3642,13.3354,0.6979,1.1677,,17.8374
B,3,9,248,1.9847,13.3054,0.6553,1.4013,,17.5489
B,3,9,249,3.1609,16.6543,0.8014,1.202,,22.0581
B,3,9,250,1.9913,14.1524,0.6117,1.4977,,18.4739
B,3,9,251,2.4281,13.1218,0.6455,1.2333,,17.6943
B,3,9,252,2.4263,17.4886,0.621,1.6449,,22.4564
B,3,9,253,2.3697,13.3923,0.6144,1.2348,,17.8912
B,3,9,254,2.2728,12.9795,0.7227,1.5054,,17.7716
B,3,9,255,2.2123,13.7168,0.6086,1.1868,,18.0059
B,3,9,256,2.2904,12.3727,0.7515,1.3205,,16.9956
B,3,9,257,2.1605,13.5121,0.6092,1.1996,,17.6989
B,3,9,258,2.4575,14.6778,0.6235,1.2233,,19.2433
B,3,9,259,2.4834,13.2477,0.8227,1.3169,,18.1077
B,3,9,260,2.0117,13.7168,0.6193,1.2366,,17.8198
B,3,9,261,2.2245,14.4863,0.7961,1.7279,,19.6089
B,3,9,262,3.4568,15.2016,0.6128,1.3214,,20.8726
B,3,9,263,2.211,13.8056,0.6071,1.5198,,18.3868
B,3,9,264,2.5478,12.7644,0.6664,1.5041,,17.7501
B,3,9,265,2.0776,14.7531,0.8512,1.4655,,19.4809
B,3,9,266,2.1588,14.0467,0.6122,1.2588,,18.3363
B,3,9,267,2.0874,13.1785,0.8712,1.0662,,17.4458
B,3,9,268,1.9635,19.7098,0.6124,1.1243,,23.6459
B,3,9,269,2.0571,12.2119,0.7463,1.1896,,16.4742
B,3,9,270,1.9309,15.6091,0.8923,1.2726,,19.9718
B,3,9,271,2.2841,14.7679,0.5741,1.2958,,19.2089
B,3,9,272,2.2197,15.0858,0.5772,1.6556,,19.8215
B,3,9,273,2.2407,13.93,0.5691,1.0167,,18.0248
B,3,9,274,2.1589,13.6723,0.7247,1.0728,,17.8914
B,3,9,275,1.9987,15.4645,0.6954,1.1206,,19.562
B,3,9,276,2.0427,14.1159,0.6512,1.1042,,18.1975
A,4,10,20,2.0548,15.3159,1.2755,,,18.7031
A,4,10,21,2.0269,14.5134,0.6533,,,17.4535
A,4,10,22,2.9105,16.1057,0.6404,,,19.9988
A,4,10,23,2.3223,12.622,0.6997,,,15.8861
A,4,10,24,2.4389,12.1087,0.6419,,,15.4226
A,4,10,25,2.517,14.8173,0.6674,,,18.2739
A,4,10,26,2.3287,12.829,0.6393,,,16.0214
A,4,10,27,2.4041,12.2893,0.6454,,,15.5814
A,4,10,28,2.8959,13.1082,0.7158,,,16.9986
A,4,10,29,2.0942,12.8744,0.644,,,15.827
A,4,10,30,2.1117,12.8061,0.6497,,,15.7729
A,4,10,31,2.3658,12.8003,0.6445,,,16.0563
A,4,10,32,2.4899,13.244,0.7932,,,16.8124
A,4,10,33,2.1028,13.8661,0.6897,,,16.8849
A,4,10,34,2.3158,13.5081,0.6493,,,16.8052
A,4,10,35,2.3632,11.979,0.7763,,,15.3809
A,4,10,36,2.2017,14.3649,0.6439,,,17.4652
A,4,10,37,2.201,12.8028,0.6102,,,15.8199
A,4,10,38,2.5234,14.0622,1.0087,,,17.8795
A,4,10,39,2.0801,14.7777,0.5933,,,17.6975
A,4,10,40,2.8019,15.9384,0.5941,,,19.581
A,4,10,41,2.4491,13.3784,0.6643,,,16.7733
A,4,10,42,2.1575,12.3141,0.6208,,,15.3377
A,4,10,43,2.1463,12.7358,0.6357,,,15.758
A,4,10,44,2.2751,13.981,0.615,,,17.1079
A,4,10,45,2.7656,14.4924,0.7967,,,18.3214
A,4,10,46,2.2688,13.7388,0.6206,,,16.8522
A,4,10,47,2.5894,12.6022,0.7653,,,16.2973
A,4,10,48,2.3229,13.6087,0.6877,,,16.89
A,4,10,49,2.1246,13.686,0.6024,,,16.6318
A,4,10,50,2.648,12.1288,0.5967,,,15.645
A,4,10,51,2.7714,12.7468,0.7279,,,16.5214
A,4,10,52,2.0813,12.2083,0.7313,,,15.2387
A,4,10,53,2.0807,16.6118,1.2633,,,20.178
A,4,10,54,2.2224,14.6281,0.5954,,,17.6821
A,4,10,55,2.6038,12.3332,0.8586,,,16.1352
A,4,10,56,2.4017,13.5845,0.6592,,,16.9087
A,4,10,57,2.0705,13.6188,0.7253,,,16.6355
A,4,10,58,2.4947,16.3003,0.7862,,,19.8463
A,4,10,59,2.503,12.0402,0.6997,,,15.5035
A,4,10,60,2.5241,11.9287,1.0554,,,15.7962
A,4,10,61,2.4331,14.1538,0.8365,,,17.687
A,4,10,62,2.2979,13.035,0.6941,,,16.2807
A,4,10,63,2.4528,11.9766,0.6008,,,15.3024
A,4,10,64,2.4907,12.5838,0.8291,,,16.2025
A,4,10,65,2.1796,14.266,0.7999,,,17.4952
A,4,10,66,2.7248,12.4634,0.7877,,,16.2159
A,4,10,67,2.7594,13.7477,0.7573,,,17.5203
A,4,10,68,2.087,13.2774,0.6231,,,16.1884
A,4,10,69,2.3873,13.0584,0.6468,,,16.3654
A,4,10,70,2.5332,12.246,1.082,,,16.2137
A,4,10,71,2.1321,12.6449,0.6951,,,15.7432
A,4,10,72,2.0845,12.51,0.6844,,,15.4866
A,4,10,73,2.059,13.189,0.7447,,,16.2013
A,4,10,74,2.3388,13.0716,0.8945,,,16.6001
A,4,10,75,2.2589,13.7186,0.8574,,,17.1071
A,4,10,76,2.1708,12.7017,0.7544,,,15.8504
A,4,10,77,2.3857,13.8163,0.9765,,,17.5467
A,4,10,78,2.3241,14.922,0.7504,,,18.2515
A,4,10,79,2.6295,12.3198,0.8315,,,16.1115
A,4,10,80,2.5222,11.9174,0.9056,,,15.6063
A,4,10,81,2.2289,12.7531,0.8552,,,16.1192
A,4,10,82,2.0844,13.2037,0.8859,,,16.4209
A,4,10,83,2.5434,13.8541,1.6755,,,18.431
A,4,10,84,2.0849,13.5113,0.8338,,,16.6876
A,4,10,85,2.3293,16.1499,0.8741,,,19.6041
A,4,10,86,2.3548,13.4931,1.2727,,,17.3906
A,4,10,87,2.366,15.5759,0.9041,,,19.1018
A,4,10,88,2.6008,13.1761,0.9229,,,16.9802
A,4,10,89,2.0908,13.6841,0.7637,,,16.7654
A,4,10,90,2.3597,12.8145,0.681,,,16.1148
A,4,10,91,2.9601,12.5728,1.0137,,,16.8313
A,4,10,92,2.0946,13.6123,0.885,,,16.8428
A,4,10,93,2.3734,13.5897,0.8912,,,17.1605
A,4,10,94,2.2911,13.9093,0.7057,,,17.1751
A,4,10,95,2.1554,13.2542,0.7107,,,16.3434
A,4,10,96,2.6477,12.4448,0.724,,,16.1577
A,4,10,97,2.5303,12.1504,0.9411,,,15.8949
A,4,10,98,2.3598,12.7798,0.7989,,,16.2017
A,4,10,99,2.2681,12.7111,0.7299,,,15.9078
A,4,10,100,2.2071,13.1111,0.739,,,16.2851
A,4,10,101,2.5364,12.0903,0.9265,,,15.8817
A,4,10,102,2.4392,11.9693,1.2115,,,15.9026
A,4,10,103,2.1284,13.4024,0.822,,,16.601
A,4,10,104,2.3089,12.5755,0.7441,,,15.8713
A,4,10,105,2.4346,13.066,0.8763,,,16.6752
A,4,10,106,2.2698,14.3015,0.6855,,,17.5293
A,4,10,107,2.3155,12.6523,0.6711,,,15.8932
A,4,10,108,2.4032,12.4618,0.6702,,,15.8196
A,4,10,109,2.7201,14.2078,0.6781,,,17.8809
A,4,10,110,2.0827,12.7737,0.793,,,15.8325
A,4,10,111,2.3545,12.734,0.6665,,,16.0152
A,4,10,112,2.563,12.2717,0.7914,,,15.8806
A,4,10,113,2.2636,14.6074,0.659,,,17.7985
A,4,10,114,2.4508,17.6775,0.7885,,,21.3547
A,4,10,115,2.4919,12.6319,0.865,,,16.3062
A,4,10,116,2.1758,12.768,0.661,,,15.8453
A,4,10,117,2.0825,12.8297,0.656,,,15.7795
A,4,10,118,2.0873,13.1236,0.6634,,,16.0867
A,4,10,119,2.5108,12.5272,0.6601,,,15.9772
A,4,10,120,2.5047,12.4505,0.8645,,,16.1338
A,4,10,121,2.1357,14.2835,0.6539,,,17.3217
A,4,10,122,2.366,13.1873,0.6348,,,16.443
A,4,10,123,2.403,12.1189,0.75,,,15.6255
A,4,10,124,2.5163,12.0003,1.0974,,,15.8767
A,4,10,125,2.1046,13.0622,0.9475,,,16.3736
A,4,10,126,2.1411,13.0264,0.664,,,16.0464
A,4,10,127,2.4195,12.5085,0.6503,,,15.7958
A,4,10,128,2.3713,14.1891,0.75,,,17.5849
A,4,10,129,2.0822,17.9533,0.6481,,,20.9012
A,4,10,130,2.3768,13.9511,0.7956,,,17.3818
A,4,10,131,2.4245,14.1209,0.6427,,,17.4253
A,4,10,132,2.221,17.9334,0.6654,,,21.0702
A,4,10,133,2.5873,13.2106,1.1523,,,17.2786
A,4,10,134,2.0946,13.1118,0.8073,,,16.3133
A,4,10,135,2.2244,14.6427,0.7897,,,17.8893
A,4,10,136,2.2137,11.9477,0.8011,,,15.2412
A,4,10,137,2.2356,14.2882,0.6132,,,17.4107
A,4,10,138,2.3591,13.7591,0.726,,,17.117
A,4,10,139,2.2922,13.4311,0.7123,,,16.7132
A,4,10,140,2.3734,13.4449,0.7779,,,16.824
A,4,10,141,2.4868,12.1781,0.783,,,15.7312
A,4,10,142,2.5721,12.2975,0.8598,,,16.0112
A,4,10,143,2.2506,13.4619,0.7023,,,16.6764
A,4,10,144,2.094,13.2012,0.7095,,,16.2186
A,4,10,145,2.4079,13.4297,1.3143,,,17.6375
A,4,10,146,2.4906,13.3054,0.692,,,16.7624
A,4,10,147,2.1928,13.3584,0.6785,,,16.4328
A,4,10,148,2.5903,12.4801,0.8499,,,16.1989
A,4,10,149,2.2438,13.9959,0.7166,,,17.2216
A,4,10,150,2.4052,12.9219,0.6792,,,16.2339
A,4,10,151,2.4487,11.9833,0.6736,,,15.3827
A,4,10,152,2.4965,12.4709,0.8567,,,16.0831
A,4,10,153,2.3339,13.3974,0.7643,,,16.7663
A,4,10,154,2.0853,13.6424,0.6754,,,16.6192
A,4,10,155,2.4905,13.6198,1.0399,,,17.4944
A,4,10,156,2.1294,14.0884,0.6627,,,17.1458
A,4,10,157,2.4249,12.9081,0.7011,,,16.3298
A,4,10,158,2.4445,12.164,0.8551,,,15.7156
A,4,10,159,2.2366,12.1864,0.7314,,,15.3927
A,4,10,160,2.3195,13.188,0.7443,,,16.5233
A,4,10,161,2.104,13.233,0.6694,,,16.2469
A,4,10,162,2.4861,12.3578,0.6672,,,15.8159
A,4,10,163,3.1484,14.1121,0.6933,,,18.2472
A,4,10,164,2.1367,13.0026,0.6639,,,16.0222
A,4,10,165,2.4272,13.4068,0.8419,,,16.995
A,4,10,166,2.2121,11.9301,0.7558,,,15.2195
A,4,10,167,2.0439,13.3495,0.6944,,,16.3163
A,4,10,168,2.0967,13.5676,0.6851,,,16.6011
A,4,10,169,2.7724,11.9879,0.8556,,,15.8982
A,4,10,170,2.3677,12.6637,0.9183,,,16.3026
A,4,10,171,2.069,12.3882,0.6814,,,15.3968
A,4,10,172,2.0568,13.2386,0.764,,,16.2741
A,4,10,173,2.4179,12.7612,0.6838,,,16.0897
A,4,10,174,2.4565,12.1286,0.6988,,,15.5861
A,4,10,175,2.3333,13.745,0.7494,,,17.1274
A,4,10,176,2.1551,13.7236,0.6845,,,16.7811
A,4,10,177,2.3745,12.5094,0.6773,,,15.7989
A,4,10,178,2.5085,15.3964,0.6994,,,18.8659
A,4,10,179,2.3237,12.7561,0.6811,,,16.0302
A,4,10,180,2.6336,12.3019,1.0241,,,16.2321
A,4,10,181,2.132,12.7927,0.7058,,,15.8556
A,4,10,182,2.1062,12.6899,0.7015,,,15.7023
A,4,10,183,2.3234,12.7559,0.6934,,,16.0312
A,4,10,184,2.5073,12.8914,0.687,,,16.4405
A,4,10,185,2.8969,14.0477,0.6997,,,17.9144
A,4,10,186,2.4131,14.7886,1.129,,,18.6202
A,4,10,187,2.2053,16.2136,1.1203,,,19.7858
A,4,10,188,2.2362,17.3372,0.7527,,,20.6488
A,4,10,189,2.201,16.9785,0.8489,,,20.2505
A,4,10,190,2.1299,13.4315,0.6731,,,16.6729
A,4,10,191,2.4549,16.4046,0.6749,,,19.8061
A,4,10,192,2.7548,15.2044,0.7132,,,18.9212
A,4,10,193,2.2486,16.6253,0.6858,,,19.7715
A,4,10,194,2.2054,13.8423,0.8951,,,17.1615
A,4,10,195,2.9589,14.0575,0.7021,,,17.9882
A,4,10,196,2.1565,14.8684,1.0532,,,18.2901
A,4,10,197,2.0885,14.5885,0.683,,,17.6083
A,4,10,198,2.9633,13.2396,1.0067,,,17.5448
A,4,10,199,2.7774,14.3762,0.7175,,,18.1687
A,4,10,200,3.0305,17.0941,1.416,,,21.8957
A,4,10,201,2.2826,14.4884,0.6957,,,17.7476
A,4,10,202,2.6778,14.3915,1.1312,,,18.5476
A,4,10,203,2.4413,13.5456,0.761,,,17.0122
A,4,10,204,2.6773,12.03,1.211,,,16.1842
A,4,10,205,2.1061,15.4991,0.7551,,,18.6177
A,4,10,206,3.2369,16.3633,1.0102,,,20.9276
A,4,10,207,2.5432,17.1473,1.2705,,,21.2643
A,4,10,208,2.1361,16.4804,0.8149,,,19.6954
A,4,10,209,2.1098,13.6605,0.7603,,,16.7684
A,4,10,210,2.4211,13.297,0.8984,,,16.9196
A,4,10,211,2.5575,11.9069,1.4464,,,16.1841
A,4,10,212,2.1497,16.4063,1.5635,,,20.3895
A,4,10,213,2.2918,17.418,0.7717,,,20.7533
A,4,10,214,2.5573,16.5945,0.9115,,,20.3386
A,4,10,215,2.3938,17.363,0.9566,,,20.9361
A,4,10,216,2.8004,12.8292,1.1178,,,16.9974
A,4,10,217,2.1985,14.398,0.7335,,,17.5823
A,4,10,218,3.0956,16.3002,0.7569,,,20.3778
A,4,10,219,3.0199,14.5274,0.6928,,,18.526
A,4,10,220,2.3811,14.3492,0.8938,,,18.0242
A,4,10,221,2.3731,16.3504,1.0143,,,19.9864
A,4,10,222,2.394,16.8219,0.9634,,,20.5043
A,4,10,223,2.1367,15.2811,0.6675,,,18.3405
A,4,10,224,3.0532,16.2275,0.6801,,,20.2516
A,4,10,225,2.3864,13.5557,0.8546,,,17.053
A,4,10,226,2.1078,17.2826,0.996,,,20.6925
A,4,10,227,2.3782,13.9993,0.6801,,,17.2959
A,4,10,228,2.625,16.2446,0.8153,,,20.0792
A,4,10,229,2.3933,14.0888,0.844,,,17.601
A,4,10,230,2.1734,17.5337,0.6668,,,20.7728
A,4,10,231,2.5728,17.1297,0.6791,,,20.8333
A,4,10,232,3.0159,16.8153,0.81,,,21.0018
A,4,10,233,2.3453,12.7711,1.0442,,,16.446
A,4,10,234,2.0794,16.6147,1.0529,,,19.9835
A,4,10,235,2.0837,13.4861,0.6751,,,16.4791
A,4,10,236,2.3806,15.6159,0.7153,,,19.122
A,4,10,237,2.1377,17.2823,1.0053,,,20.6842
A,4,10,238,2.5268,15.7419,0.7186,,,19.2894
A,4,10,239,2.1305,16.0505,0.9786,,,19.4143
A,4,10,240,2.0889,15.5699,0.8984,,,18.9539
A,4,10,241,2.24,15.8899,0.6576,,,19.1507
A,4,10,242,3.2172,13.7962,0.6838,,,17.9396
A,4,10,243,2.2799,14.5722,0.869,,,17.9486
A,4,10,244,2.5347,13.1608,0.721,,,16.6592
A,4,10,245,2.1313,13.1476,0.6645,,,16.1777
A,4,10,246,3.3173,19.4998,0.6719,,,23.7188
A,4,10,247,2.2897,16.8349,0.6738,,,20.1133
A,4,10,248,2.7963,13.7804,0.8442,,,17.6828
A,4,10,249,2.7148,17.1191,1.0082,,,21.1902
A,4,10,250,2.0913,16.3353,0.8635,,,19.5888
A,4,10,251,2.1183,16.009,0.8773,,,19.5907
A,4,10,252,2.3238,11.6035,0.768,,,14.9576
A,4,10,253,2.2512,12.6661,0.6263,,,15.8188
A,4,10,254,2.1701,14.195,0.6941,,,17.2982
A,4,10,255,2.9784,18.3933,0.9247,,,22.5672
A,4,10,256,2.213,17.391,0.7904,,,20.6534
A,4,10,257,2.1965,15.7846,1.1475,,,19.381
A,4,10,258,2.0827,16.2349,1.1675,,,19.806
A,4,10,259,2.0996,13.1835,0.6325,,,16.1643
A,4,10,260,2.1982,18.2974,0.6095,,,21.333
A,4,10,261,2.945,14.887,0.5957,,,18.7861
A,4,10,262,2.4493,17.2919,0.7487,,,20.7303
A,4,10,263,2.727,16.5978,0.6052,,,20.2062
A,4,10,264,2.9209,16.7811,0.5985,,,20.5651
A,4,10,265,3.1605,15.5991,0.7463,,,19.7796
A,4,10,266,2.7946,17.3288,0.7226,,,21.1825
A,4,10,267,2.2092,14.2492,0.7034,,,17.3898
A,4,10,268,2.0705,13.8795,0.6155,,,16.782
A,4,10,269,2.7099,13.6841,0.6096,,,17.2142
A,4,10,270,1.9984,15.7177,0.6626,,,18.6526
A,4,10,271,2.2277,14.0489,0.7426,,,17.2795
A,4,10,272,1.9855,14.8363,0.668,,,17.72
A,4,10,273,2.1489,16.4951,0.5518,,,19.5775
A,4,10,274,2.3989,12.1391,0.771,,,15.5841
A,4,10,275,2.102,16.307,0.5536,,,19.2109
A,4,10,276,2.6514,17.0769,0.7694,,,20.9865
B,4,11,20,2.401,13.5079,1.1795,0.9942,,18.2059
B,4,11,21,2.0563,16.748,0.6577,0.9681,,20.675
B,4,11,22,1.9767,13.1755,0.6466,1.1683,,17.2201
B,4,11,23,2.5666,17.4652,1.067,1.005,,22.5368
B,4,11,24,2.5649,18.0851,0.6531,1.3915,,22.9361
B,4,11,25,2.146,16.7823,1.3408,1.0678,,21.6009
B,4,11,26,1.9868,17.4989,0.6732,1.0344,,21.5924
B,4,11,27,2.7167,14.7549,0.6686,1.1533,,19.5526
B,4,11,28,2.5484,13.9426,0.8014,1.0678,,18.5887
B,4,11,29,2.4987,15.4907,0.7744,1.0629,,20.0687
B,4,11,30,2.61,18.0174,0.6919,1.0374,,22.5686
B,4,11,31,2.385,15.293,0.6524,1.0451,,19.6371
B,4,11,32,3.2063,18.6923,0.7675,1.1167,,24.0132
B,4,11,33,2.5466,13.2599,0.8802,1.4454,,18.4223
B,4,11,34,2.1775,14.5931,0.642,1.431,,19.104
B,4,11,35,2.4107,18.7143,0.6467,1.0784,,23.1264
B,4,11,36,2.3199,17.0441,0.8224,1.8114,,22.2413
B,4,11,37,2.579,15.5295,0.8612,1.2643,,20.6258
B,4,11,38,2.3736,14.1563,0.5962,1.3916,,18.7839
B,4,11,39,2.3828,15.9713,0.9972,1.2339,,21.1212
B,4,11,40,2.3564,17.8004,0.6061,1.284,,22.2961
B,4,11,41,2.4522,12.3726,0.5873,1.3642,,17.0285
B,4,11,42,1.9613,12.5067,0.6244,1.1083,,16.4409
B,4,11,43,1.9726,13.2592,0.6076,1.1359,,17.1792
B,4,11,44,2.5094,12.6284,0.9801,1.1561,,17.5432
B,4,11,45,1.9965,17.3654,0.6129,1.1382,,21.3517
B,4,11,46,2.8212,14.0348,0.6132,1.1332,,18.8287
B,4,11,47,1.9793,15.4829,0.9175,1.1495,,19.8574
B,4,11,48,2.0358,17.5614,0.6212,1.1518,,21.6047
B,4,11,49,2.7209,14.7363,0.6543,1.3084,,19.679
B,4,11,50,2.3057,14.8362,0.8452,1.1663,,19.3743
B,4,11,51,2.6409,13.1394,0.9866,1.266,,18.3269
B,4,11,52,2.0999,15.3277,0.5887,1.6564,,20.0444
B,4,11,53,2.5235,14.8653,0.5901,1.5909,,19.9564
B,4,11,54,2.6149,18.1072,0.6029,1.1926,,22.7923
B,4,11,55,2.3838,13.8352,0.6869,1.3184,,18.5033
B,4,11,56,2.5719,18.9195,0.9289,1.4835,,24.3481
B,4,11,57,2.1484,15.7048,0.8784,1.3275,,20.342
B,4,11,58,2.1172,13.043,0.794,1.429,,17.6251
B,4,11,59,2.3061,16.5724,0.9448,1.8756,,21.9734
B,4,11,60,2.3407,18.646,0.7897,1.6358,,23.6784
B,4,11,61,2.0379,17.5569,1.0041,1.2824,,22.1234
B,4,11,62,2.5691,17.8783,0.6981,1.33,,22.7306
B,4,11,63,2.1636,13.2001,0.6232,1.0989,,17.4026
B,4,11,64,2.3486,12.8348,0.6652,1.118,,17.2571
B,4,11,65,2.2241,12.5264,0.849,1.0864,,16.9254
B,4,11,66,2.1728,14.2028,0.7824,1.5058,,19.0387
B,4,11,67,2.171,14.8574,0.7853,1.431,,19.4652
B,4,11,68,2.1657,15.6113,0.6229,1.1261,,19.7668
B,4,11,69,2.1998,14.3444,0.6501,1.024,,18.4506
B,4,11,70,2.4312,15.3177,0.9262,1.0246,,19.9305
B,4,11,71,2.6064,16.8953,0.6731,1.5922,,22.0134
B,4,11,72,2.0244,18.0898,0.7342,1.0465,,22.1373
B,4,11,73,2.6754,17.2268,0.7413,1.2261,,22.0957
B,4,11,74,2.4283,19.4462,0.7816,1.0787,,24.0137
B,4,11,75,2.4094,16.8064,0.7912,1.5351,,21.8446
B,4,11,76,2.264,16.0813,0.9164,1.1077,,20.6356
B,4,11,77,2.0786,13.2431,0.8958,1.1114,,17.5741
B,4,11,78,2.5392,17.3674,1.3286,1.2837,,22.8512
B,4,11,79,2.1421,13.106,0.8194,1.1318,,17.4592
B,4,11,80,2.6165,14.9842,0.7664,1.1247,,19.7542
B,4,11,81,2.3181,12.8644,1.2237,1.269,,17.9305
B,4,11,82,2.5939,13.2591,0.9481,1.5376,,18.5983
B,4,11,83,2.1104,14.3002,0.8823,1.1743,,18.7317
B,4,11,84,2.6283,17.5703,1.3307,1.2928,,23.0883
B,4,11,85,2.3674,17.1702,0.8704,1.3559,,22.0307
B,4,11,86,2.3757,17.2965,1.7144,1.1821,,22.8866
B,4,11,87,2.1796,17.5556,0.8993,1.5531,,22.4547
B,4,11,88,2.164,15.6613,0.8497,1.6263,,20.5553
B,4,11,89,2.0335,13.2829,0.7185,1.0973,,17.3824
B,4,11,90,2.7158,13.231,1.1001,1.3255,,18.7029
B,4,11,91,2.6997,17.9324,0.761,1.3809,,23.0102
B,4,11,92,2.3512,14.3744,0.8541,1.086,,18.9192
B,4,11,93,2.6251,16.8653,0.721,1.4907,,22.2333
B,4,11,94,2.0045,18.6724,0.8396,1.1077,,22.8825
B,4,11,95,2.402,17.2935,0.9006,1.4827,,22.3553
B,4,11,96,2.1793,17.4916,0.8451,1.1157,,21.8768
B,4,11,97,2.8948,17.1493,1.0494,2.0005,,23.4407
B,4,11,98,2.3545,15.0301,0.9776,1.2892,,19.9302
B,4,11,99,2.1085,12.6964,0.7408,1.1813,,17.0477
B,4,11,100,2.2371,16.4747,0.7403,1.4572,,21.1604
B,4,11,101,2.2031,12.2416,1.0714,1.1794,,16.931
B,4,11,102,2.0295,16.4924,1.1327,1.3493,,21.2934
B,4,11,103,2.6038,17.3056,0.8199,1.4512,,22.5232
B,4,11,104,2.496,15.4225,1.0459,1.559,,21.0494
B,4,11,105,2.6203,17.1261,0.6863,1.2025,,21.9432
B,4,11,106,2.4783,15.0732,0.7329,1.2084,,19.7532
B,4,11,107,2.7005,16.9254,0.6731,1.5945,,22.139
B,4,11,108,2.5,15.5262,0.9106,1.3251,,20.7412
B,4,11,109,2.011,17.2046,0.7187,1.1759,,21.3529
B,4,11,110,2.6661,17.6203,0.666,1.6246,,22.8422
B,4,11,111,2.0216,13.4268,0.668,1.1653,,17.5281
B,4,11,112,2.3286,12.8278,0.6561,1.6805,,17.7317
B,4,11,113,2.0529,13.5752,0.8069,1.1777,,17.8778
B,4,11,114,2.533,17.6423,1.2135,1.2394,,22.8921
B,4,11,115,1.9872,18.582,0.6577,1.3925,,22.8707
B,4,11,116,2.6351,16.5281,1.1809,1.4042,,22.3331
B,4,11,117,2.0477,13.086,0.6615,1.1849,,17.2308
B,4,11,118,2.2938,14.6405,0.7664,1.2142,,19.1812
B,4,11,119,2.3674,15.8878,0.648,1.2056,,20.3284
B,4,11,120,2.646,16.963,0.6456,1.6377,,22.1551
B,4,11,121,2.0291,14.2961,0.6437,1.3621,,18.5918
B,4,11,122,2.2425,12.7567,0.6923,1.3722,,17.3388
B,4,11,123,2.0948,14.4012,0.6434,1.7141,,19.2703
B,4,11,124,2.1272,17.0486,0.9066,1.2319,,21.5617
B,4,11,125,2.5123,15.1834,0.7546,1.2319,,19.9831
B,4,11,126,2.6212,12.6112,0.6629,1.4652,,17.604
B,4,11,127,2.041,13.9888,0.6524,1.2509,,18.1661
B,4,11,128,2.3699,12.7668,0.8839,1.4945,,17.9001
B,4,11,129,2.5077,14.7045,0.9385,1.5943,,20.1891
B,4,11,130,2.4245,15.0025,1.1595,1.4528,,20.3178
B,4,11,131,2.0306,13.6783,0.6467,1.4958,,18.1046
B,4,11,132,2.2379,16.1284,0.7959,2.0908,,21.576
B,4,11,133,2.1804,14.1745,0.7223,1.7747,,19.0911
B,4,11,134,2.0422,18.4201,0.6869,1.2524,,22.6557
B,4,11,135,2.8482,17.0866,0.6304,2.0011,,23.0308
B,4,11,136,2.026,15.0719,0.8122,1.5606,,19.7295
B,4,11,137,1.9641,18.5951,0.7077,1.3009,,22.8208
B,4,11,138,2.3509,16.5804,0.6249,1.7504,,21.5848
B,4,11,139,2.5537,18.5488,0.6672,1.2437,,23.2571
B,4,11,140,2.3005,14.6146,0.8148,1.2591,,19.2408
B,4,11,141,2.6257,16.9561,0.7748,1.7569,,22.4061
B,4,11,142,2.5566,16.4447,0.8203,1.352,,21.646
B,4,11,143,2.5042,18.1394,0.684,2.0122,,23.5607
B,4,11,144,1.9981,17.1704,0.7936,1.3097,,21.5289
B,4,11,145,2.5092,12.7688,0.6835,1.9759,,18.1794
B,4,11,146,2.2427,14.2225,0.7017,1.5882,,18.9804
B,4,11,147,2.2271,17.9313,1.0377,1.5085,,23.0236
B,4,11,148,2.4751,13.7411,0.854,1.4122,,18.8043
B,4,11,149,2.5859,15.489,0.8026,1.3453,,20.4702
B,4,11,150,1.9127,12.8798,0.6871,1.3068,,17.0218
B,4,11,151,2.6145,17.9412,1.1254,1.3209,,23.2627
B,4,11,152,2.6053,16.5692,0.6817,1.297,,21.4324
B,4,11,153,2.7297,15.5711,0.6826,1.4848,,20.6863
B,4,11,154,2.1866,16.0145,0.6987,1.7832,,20.9444
B,4,11,155,2.1482,15.2914,0.6707,1.7023,,20.0712
B,4,11,156,2.0804,15.9188,0.8713,1.6923,,20.8428
B,4,11,157,2.1031,15.5826,0.8352,1.4313,,20.184
B,4,11,158,1.9871,15.1009,0.8497,1.5038,,19.7417
B,4,11,159,2.033,17.91,0.8337,1.3586,,22.5451
B,4,11,160,2.5679,15.7918,0.6825,1.676,,20.9744
B,4,11,161,2.2758,14.961,0.7072,1.4679,,19.6746
B,4,11,162,2.3622,15.3953,0.8326,1.9453,,20.7962
B,4,11,163,2.0816,18.0342,0.7875,1.5164,,22.7141
B,4,11,164,2.4994,12.6939,0.6703,1.9035,,18.0018
B,4,11,165,2.0552,14.7698,0.6906,1.6382,,19.4003
B,4,11,166,2.5924,18.8582,0.6771,1.6974,,24.1975
B,4,11,167,2.1924,12.7545,0.9341,1.5539,,17.7522
B,4,11,168,2.6009,17.2655,0.8243,1.4895,,22.4199
B,4,11,169,2.4243,17.2433,0.9884,1.4363,,22.3781
B,4,11,170,2.4232,13.9972,0.859,1.5834,,19.1262
B,4,11,171,2.0261,15.1308,0.7761,1.9221,,20.153
B,4,11,172,2.0261,16.1704,0.8046,1.402,,20.6664
B,4,11,173,2.6677,16.0221,0.9166,1.5526,,21.3883
B,4,11,174,2.4671,12.5113,0.9583,1.603,,17.8005
B,4,11,175,2.0507,18.5892,0.6886,1.6654,,23.2502
B,4,11,176,2.1789,14.4124,0.6868,1.4171,,18.9449
B,4,11,177,2.4156,13.7142,0.6906,1.5987,,18.6776
B,4,11,178,2.6365,13.321,0.6946,1.9979,,19.0423
B,4,11,179,2.0679,15.8154,1.3415,1.5985,,21.1589
B,4,11,180,2.7459,17.3668,0.6832,2.0993,,23.4393
B,4,11,181,2.0456,18.4132,0.7961,1.4212,,22.9316
B,4,11,182,2.3498,16.5627,0.6797,1.8542,,21.6994
B,4,11,183,2.1456,14.8657,0.6788,2.3423,,20.2855
B,4,11,184,2.0582,14.6488,0.6765,1.5824,,19.2532
B,4,11,185,2.0305,12.3205,0.9213,1.5466,,17.071
B,4,11,186,2.1455,13.6913,0.6917,1.8088,,18.5514
B,4,11,187,2.0297,13.5677,0.7422,1.4401,,18.0242
B,4,11,188,2.4699,12.764,0.8747,1.4603,,17.8453
B,4,11,189,1.9854,13.1512,0.6711,1.4115,,17.4442
B,4,11,190,2.3873,14.4762,0.6959,1.4376,,19.26
B,4,11,191,2.2545,12.5557,0.6718,1.9095,,17.5939
B,4,11,192,2.4447,13.8693,0.6761,1.7533,,18.9854
B,4,11,193,2.1791,14.5189,0.6829,1.5011,,19.1453
B,4,11,194,2.2764,12.6859,0.8632,1.592,,17.6734
B,4,11,195,2.216,14.3744,0.8611,1.7646,,19.5155
B,4,11,196,2.4053,13.7504,0.6868,1.6877,,18.7568
B,4,11,197,2.2091,14.7923,0.6907,2.4814,,20.4347
B,4,11,198,2.1033,13.8694,0.6876,1.5199,,18.4223
B,4,11,199,2.5371,12.7486,0.8266,1.5678,,17.9357
B,4,11,200,2.0286,12.7531,0.6959,1.6192,,17.3023
B,4,11,201,2.533,16.9082,1.1916,1.5267,,22.4568
B,4,11,202,2.0752,18.057,0.7536,1.6649,,22.7921
B,4,11,203,2.1783,14.4004,0.7397,1.4868,,19.0521
B,4,11,204,2.3957,12.5064,1.1951,1.605,,18.0432
B,4,11,205,2.4552,14.3626,0.9697,1.8003,,19.9195
B,4,11,206,2.5023,13.9409,0.7565,1.8007,,19.343
B,4,11,207,2.4653,13.2168,1.0841,2.0068,,19.0267
B,4,11,208,2.2213,14.3248,0.8268,1.6345,,19.2779
B,4,11,209,2.6664,15.6973,0.7742,2.1082,,21.4667
B,4,11,210,2.1585,12.8021,0.7827,1.5022,,17.485
B,4,11,211,2.5872,12.6741,0.9391,1.6125,,18.0685
B,4,11,212,2.3419,13.7849,0.822,1.5111,,18.7192
B,4,11,213,2.0082,16.7796,1.3175,1.5376,,21.8887
B,4,11,214,1.9941,13.5093,0.904,1.7935,,18.4388
B,4,11,215,2.0212,13.9248,0.8327,1.3023,,18.3268
B,4,11,216,2.3106,14.3312,0.8998,1.2913,,19.0597
B,4,11,217,2.3661,13.5525,0.8921,1.4107,,18.5116
B,4,11,218,2.4339,16.599,1.0746,1.0888,,21.4722
B,4,11,219,2.5585,12.4799,0.6646,1.3461,,17.3101
B,4,11,220,2.026,13.743,0.6964,1.155,,17.8653
B,4,11,221,2.4631,13.7506,0.7329,1.1967,,18.409
B,4,11,222,2.4442,13.2041,0.6633,1.3257,,17.8634
B,4,11,223,2.2589,15.4974,0.6688,1.3281,,20.0225
B,4,11,224,2.3377,16.5952,0.867,1.6295,,21.7015
B,4,11,225,1.9701,14.4344,0.677,1.2021,,18.5213
B,4,11,226,2.2164,15.1193,0.8223,1.2933,,19.7212
B,4,11,227,2.227,14.7151,0.6737,1.1121,,18.9742
B,4,11,228,2.4983,13.9773,0.728,1.1352,,18.5999
B,4,11,229,1.9813,14.092,0.6971,1.424,,18.3852
B,4,11,230,2.1763,13.0543,0.6732,1.0935,,17.2602
B,4,11,231,2.2067,13.2969,0.673,1.7223,,18.1164
B,4,11,232,2.3021,13.239,0.6682,1.1161,,17.5688
B,4,11,233,2.5194,12.3284,0.6785,1.6959,,17.497
B,4,11,234,2.0378,13.9067,0.6745,1.1388,,17.9853
B,4,11,235,2.2945,12.4843,0.9455,1.2955,,17.2697
B,4,11,236,1.9986,13.4871,0.6721,1.1373,,17.5357
B,4,11,237,2.5662,12.366,1.0299,1.2828,,17.5882
B,4,11,238,2.003,14.0378,0.6627,1.6716,,18.6124
B,4,11,239,2.2831,14.5561,0.6678,1.2277,,19.012
B,4,11,240,2.3598,12.4411,1.0375,1.2414,,17.4046
B,4,11,241,2.1349,13.9522,0.654,1.3611,,18.3488
B,4,11,242,2.2187,14.583,0.6608,1.1442,,18.8599
B,4,11,243,2.4482,13.1336,0.8126,1.2858,,17.9353
B,4,11,244,1.9996,13.3166,0.6618,1.1548,,17.3612
B,4,11,245,2.6154,14.6546,0.6745,1.2599,,19.4739
B,4,11,246,2.5662,14.3984,0.7483,1.1771,,19.1482
B,4,11,247,2.4877,16.0064,0.6846,1.2246,,20.6503
B,4,11,248,2.5802,12.8423,0.9294,1.2288,,17.8422
B,4,11,249,2.0318,13.0628,0.615,1.1757,,17.1229
B,4,11,250,2.2262,16.2472,0.6034,1.1993,,20.5035
B,4,11,251,3.3942,15.9654,0.5867,1.8416,,22.0141
B,4,11,252,2.0845,14.5176,0.6187,1.3751,,18.838
B,4,11,253,2.3803,14.522,0.603,1.2092,,18.9436
B,4,11,254,2.5061,13.646,0.7321,1.2369,,18.3678
B,4,11,255,2.0301,13.5286,0.5953,1.3838,,17.7339
B,4,11,256,2.1314,14.9973,0.6015,1.2118,,19.1838
B,4,11,257,2.4074,12.5624,0.9644,1.2903,,17.573
B,4,11,258,1.9546,13.2799,0.5946,1.2103,,17.2667
B,4,11,259,2.4346,13.3484,0.8446,1.5645,,18.5011
B,4,11,260,2.2699,13.5871,0.7969,1.4451,,18.3992
B,4,11,261,2.1068,14.62,0.5994,1.5709,,19.1627
B,4,11,262,2.1054,12.4636,0.7809,1.2239,,16.8207
B,4,11,263,2.0044,13.4181,0.6033,1.3961,,17.6382
B,4,11,264,2.4096,12.6603,0.7927,1.2554,,17.3704
B,4,11,265,1.9838,13.1285,0.636,1.2322,,17.1889
B,4,11,266,2.4356,17.4509,0.8265,1.4353,,22.4677
B,4,11,267,2.013,12.8765,0.9224,0.9976,,17.0505
B,4,11,268,2.4036,12.5583,0.8012,1.1714,,17.2233
B,4,11,269,1.985,13.1248,0.5885,0.9827,,16.9162
B,4,11,270,2.2574,13.7077,0.7528,1.2426,,18.2003
B,4,11,271,1.8985,13.8766,0.5632,1.0041,,17.5841
B,4,11,272,2.282,13.8264,0.7238,1.0593,,18.1402
B,4,11,273,1.8873,14.5325,0.5623,1.152,,18.356
B,4,11,274,1.9839,13.7906,0.7921,1.3272,,18.1998
B,4,11,275,2.3173,13.7063,0.703,1.0809,,18.1011
B,4,11,276,2.0383,12.7515,0.5632,0.9948,,16.5945
C,4,12,20,2.0281,13.8735,0.6479,1.1137,11.5431,29.3736
C,4,12,21,2.018,13.2701,0.6581,0.9816,16.276,33.4222
C,4,12,22,2.3023,14.8001,0.6502,0.9975,14.6651,33.676
C,4,12,23,2.3593,13.1151,0.981,1.0687,13.7376,31.6698
C,4,12,24,2.1205,14.032,0.6483,0.9915,13.0672,31.1121
C,4,12,25,2.0298,13.0038,0.6483,1.0006,12.2291,29.152
C,4,12,26,2.1284,12.9949,0.6617,1.0117,12.1762,29.2325
C,4,12,27,2.1529,14.0677,0.6883,1.0459,13.0613,31.2754
C,4,12,28,2.1187,17.6635,0.6366,1.0054,12.4405,34.1144
C,4,12,29,2.0883,13.4676,0.6576,1.0505,12.4238,29.9334
C,4,12,30,2.1618,14.0066,0.6577,1.0285,20.2174,38.3242
C,4,12,31,2.531,13.2319,0.9189,1.0635,11.7842,29.7749
C,4,12,32,2.3669,12.5709,0.664,1.2892,11.7736,28.9487
C,4,12,33,2.3745,13.7034,0.7673,1.3463,12.9622,31.4047
C,4,12,34,2.423,12.7446,0.8348,1.0786,12.7998,30.1404
C,4,12,35,2.507,12.0854,0.9797,1.2732,11.9936,29.1442
C,4,12,36,2.367,13.2677,1.0389,1.2603,12.2819,30.5451
C,4,12,37,2.6884,12.16,0.7629,1.2842,12.1888,29.3095
C,4,12,38,2.3094,14.329,0.76,1.1105,12.066,30.853
C,4,12,39,2.7157,15.6173,0.6135,1.1763,12.33,32.7352
C,4,12,40,2.0592,13.036,0.6242,1.1083,12.5228,29.5902
C,4,12,41,2.2191,14.1261,0.6023,1.2382,12.0219,30.4586
C,4,12,42,2.1058,15.0698,0.7445,1.1869,12.1956,31.6035
C,4,12,43,2.4945,13.318,0.8842,1.7154,12.4699,31.2046
C,4,12,44,2.2155,12.4415,0.7042,1.1469,11.7491,28.5142
C,4,12,45,2.6125,12.6183,0.6683,1.2306,12.4408,29.8777
C,4,12,46,2.5248,17.0614,0.6075,1.4915,12.2045,34.1445
C,4,12,47,2.3451,13.9052,1.0058,1.265,11.4488,30.3956
C,4,12,48,2.5799,17.1335,0.5951,1.3593,12.1225,34.0218
C,4,12,49,2.1908,23.2921,0.5875,1.2776,11.6306,39.2184
C,4,12,50,2.1425,27.5728,0.658,1.1732,12.0174,43.835
C,4,12,51,2.2202,21.2027,0.7246,1.4298,11.5785,37.4863
C,4,12,52,2.1485,22.8893,0.585,1.4673,13.0617,40.4266
C,4,12,53,2.7462,41.5309,0.7705,2.1944,11.5112,59.0518
C,4,12,54,2.1076,12.7097,0.6006,1.2225,11.5298,28.4056
C,4,12,55,2.2746,14.4192,0.671,1.3467,11.3956,30.4503
C,4,12,56,2.1073,13.1097,0.6184,1.1983,12.1579,29.4567
C,4,12,57,2.1802,13.9872,0.6727,1.2779,12.8118,31.1786
C,4,12,58,2.1366,14.129,0.825,1.5474,11.3976,30.313
C,4,12,59,2.2792,14.4988,1.0258,1.389,11.4213,31.0897
C,4,12,60,2.4606,12.9207,0.8832,1.647,16.3494,34.5534
C,4,12,61,2.4728,13.595,1.0021,1.4156,12.3286,31.1272
C,4,12,62,2.5324,14.1295,0.7906,1.0108,12.7218,31.4582
C,4,12,63,2.4818,14.4759,0.6526,1.0014,12.8661,31.7477
C,4,12,64,2.1142,13.873,0.6529,1.1306,11.9062,29.8861
C,4,12,65,2.1209,13.849,0.7836,1.1912,12.1044,30.296
C,4,12,66,2.2407,13.6263,0.7869,1.2632,11.5684,29.7231
C,4,12,67,2.0799,14.0851,0.7569,1.2134,11.65,30.0207
C,4,12,68,2.5709,13.1026,0.6261,1.1508,11.8788,29.5883
C,4,12,69,2.1037,14.7816,0.6528,1.1052,12.4736,31.3874
C,4,12,70,2.6475,14.6474,0.8687,1.036,11.8097,31.2912
C,4,12,71,2.3397,13.7972,0.7424,1.0379,11.1435,29.2777
C,4,12,72,2.4901,13.0344,0.8281,1.1968,11.4495,29.2753
C,4,12,73,2.4112,13.7475,0.9833,1.0641,11.1401,29.6333
C,4,12,74,2.4236,14.0523,1.1653,1.109,11.441,30.4528
C,4,12,75,2.435,14.4933,0.8742,1.0898,11.4963,30.6452
C,4,12,76,2.6453,12.2479,0.8946,1.3249,11.623,28.9907
C,4,12,77,2.3103,12.4508,0.7295,1.2772,11.1147,28.098
C,4,12,78,2.1946,15.6461,1.3393,1.3416,12.0746,32.8667
C,4,12,79,2.8737,11.9675,1.2781,1.3145,11.0942,28.8372
C,4,12,80,2.8696,16.5793,0.7678,1.2728,12.6486,34.4028
C,4,12,81,2.2363,14.1065,1.0297,1.4047,12.4189,31.5659
C,4,12,82,2.5631,16.9689,0.9703,1.4486,11.0683,33.3744
C,4,12,83,2.3488,12.9871,0.89,1.4562,10.768,28.7268
C,4,12,84,2.1519,14.2781,0.8375,1.5807,11.9033,31.0077
C,4,12,85,2.1379,13.2374,0.8713,1.2258,11.0913,28.8287
C,4,12,86,2.1529,18.6453,0.983,1.1637,11.9407,35.1509
C,4,12,87,2.173,13.9305,0.8977,1.2124,11.4146,29.8848
C,4,12,88,2.1356,13.9884,0.8502,1.2118,12.0214,30.4344
C,4,12,89,2.1862,14.0563,0.7004,1.3276,11.3211,29.8428
C,4,12,90,2.1754,13.8597,0.6892,1.2397,16.1925,34.4049
C,4,12,91,2.0351,14.3262,0.8122,1.1107,12.248,30.7891
C,4,12,92,2.1271,12.5417,0.8484,1.1609,11.6676,28.5947
C,4,12,93,2.165,14.0162,0.7044,1.1521,12.8296,31.1284
C,4,12,94,2.041,13.4987,0.6731,1.0971,12.4007,29.95
C,4,12,95,2.0696,12.749,0.6826,1.1048,12.9228,29.77
C,4,12,96,2.0559,13.3098,0.7257,1.1133,12.2275,29.6702
C,4,12,97,2.3313,18.1615,0.8462,1.1614,12.5012,35.2687
C,4,12,98,2.2274,16.1132,1.0635,1.173,11.472,32.4263
C,4,12,99,2.9567,14.2689,1.0696,1.3769,12.5462,32.5601
C,4,12,100,2.123,16.8583,0.8352,1.3108,12.5567,33.9651
C,4,12,101,2.1314,14.214,0.8279,1.2272,11.8864,30.5795
C,4,12,102,2.3002,17.4636,0.9389,1.2058,13.568,35.7479
C,4,12,103,2.4206,15.402,1.4043,1.2081,11.6774,32.3658
C,4,12,104,2.8068,14.5203,0.7743,1.1769,12.1817,31.7158
C,4,12,105,2.1935,12.5559,0.6968,1.1772,12.2727,29.1452
C,4,12,106,2.3606,12.5919,0.7125,1.1556,11.0702,28.1477
C,4,12,107,2.3831,13.1879,0.6742,1.5046,11.5567,29.6691
C,4,12,108,2.3681,13.5313,0.7866,1.5805,11.5379,30.2628
C,4,12,109,2.798,13.9268,0.7531,1.1882,10.6064,29.6122
C,4,12,110,2.3954,18.4613,0.6732,1.6519,10.7979,34.2173
C,4,12,111,2.2124,17.2088,0.7005,1.1694,12.0404,33.5844
C,4,12,112,2.1188,15.7495,0.6595,1.7868,12.1132,32.6822
C,4,12,113,2.7527,13.7743,1.1254,1.189,12.2341,31.5706
C,4,12,114,2.5614,15.0337,0.6706,1.291,11.8181,31.6477
C,4,12,115,2.1774,15.9988,0.6844,1.1991,10.7138,31.03
C,4,12,116,2.3702,16.027,0.9251,1.2609,12.8572,33.7202
C,4,12,117,2.2365,18.758,0.743,1.2505,13.093,36.337
C,4,12,118,2.7245,16.0793,0.6558,1.1934,11.1921,32.1743
C,4,12,119,2.5218,14.9592,0.655,1.4333,11.3231,31.3119
C,4,12,120,2.1971,19.2477,0.6511,1.5723,17.4918,41.4193
C,4,12,121,2.5815,16.1089,0.6782,1.2252,13.3644,34.2975
C,4,12,122,2.3449,18.4151,0.6757,1.467,12.0309,35.154
C,4,12,123,2.1711,14.304,0.6499,1.4482,13.245,32.1492
C,4,12,124,2.481,16.0472,0.6396,1.6508,12.4063,33.4697
C,4,12,125,2.306,12.9701,0.6615,1.618,13.1173,30.9787
C,4,12,126,2.7524,16.7685,0.6648,1.7067,12.6074,34.7579
C,4,12,127,2.7989,18.6861,1.0278,1.2356,12.3182,36.3258
C,4,12,128,2.3234,12.3892,0.695,1.352,11.8389,28.8422
C,4,12,129,2.751,18.0781,1.0505,1.2508,13.5341,37.0615
C,4,12,130,2.6129,15.0639,0.7132,1.659,11.3833,31.7206
C,4,12,131,2.3375,17.9196,0.6451,1.6982,11.6337,34.4736
C,4,12,132,2.1389,13.475,0.6582,1.3132,11.1026,28.9185
C,4,12,133,2.2287,13.1892,0.7188,1.2698,12.6388,30.3098
C,4,12,134,2.1393,17.8452,0.7458,1.2647,10.7163,32.9675
C,4,12,135,2.5258,14.2363,0.7344,1.2625,12.7052,31.7207
C,4,12,136,2.1602,13.8899,0.6205,1.3336,11.6308,29.8802
C,4,12,137,2.2945,16.1276,1.0475,1.3112,12.1932,33.3064
C,4,12,138,2.5091,14.6654,0.6314,1.4304,11.8907,31.3772
C,4,12,139,2.3485,14.4338,0.6719,1.3594,11.7486,30.818
C,4,12,140,2.222,15.5883,1.4628,1.2993,13.1861,34.1344
C,4,12,141,2.1657,14.715,0.7735,1.9964,13.6136,33.5167
C,4,12,142,2.5185,13.9348,0.6947,1.2827,11.8652,30.5391
C,4,12,143,2.5211,18.8616,0.849,1.309,10.7826,34.5955
C,4,12,144,2.3933,15.2547,0.691,1.4849,10.9677,31.056
C,4,12,145,2.1568,16.0346,0.9865,1.7215,11.7956,33.2899
C,4,12,146,2.7481,14.7112,0.6882,1.3179,11.5668,31.2901
C,4,12,147,2.4756,16.9933,0.8004,1.3395,11.0578,32.925
C,4,12,148,2.3549,13.5207,0.9179,1.3647,11.3175,29.7151
C,4,12,149,2.6289,15.9622,0.9153,1.3173,11.0322,32.1556
C,4,12,150,2.1828,13.2892,0.6879,1.3037,17.9374,35.6517
C,4,12,151,2.1343,15.087,0.682,1.5374,12.7682,32.4523
C,4,12,152,2.7405,15.434,0.6754,1.481,12.1486,32.7012
C,4,12,153,2.1431,19.6357,0.6814,1.7529,13.9436,38.4152
C,4,12,154,2.3093,15.3584,0.6706,1.5302,12.4942,32.6181
C,4,12,155,2.1314,13.692,0.6688,2.009,13.7616,32.5319
C,4,12,156,2.2647,13.3219,0.6935,1.3645,12.7827,30.6806
C,4,12,157,2.5682,13.8969,0.674,1.3205,11.8208,30.5272
C,4,12,158,2.1354,15.1411,0.685,1.8245,12.5833,32.6247
C,4,12,159,2.9876,17.5483,0.8735,1.6498,12.8996,36.377
C,4,12,160,2.5267,17.171,1.0377,2.0294,13.8409,36.9301
C,4,12,161,2.5239,16.1922,0.7691,1.3664,11.9259,33.0257
C,4,12,162,2.5407,13.7919,0.8325,1.3581,11.6629,30.4641
C,4,12,163,2.2428,19.4576,0.8477,1.6464,12.2251,36.6657
C,4,12,164,2.3817,20.0255,0.8912,1.4257,12.2834,37.2391
C,4,12,165,2.4509,14.6792,0.7212,1.3668,13.6953,33.1798
C,4,12,166,2.5756,17.7111,0.689,1.8729,11.7134,34.9428
C,4,12,167,2.8435,13.28,0.9637,1.4782,11.2252,30.2548
C,4,12,168,2.6839,17.0595,0.6822,1.8503,11.6389,34.1416
C,4,12,169,2.3436,18.6144,0.9084,1.63,10.754,34.6025
C,4,12,170,2.2081,13.6374,0.7475,1.6943,11.4782,30.027
C,4,12,171,2.2915,17.0698,0.6937,1.3791,12.9309,34.6221
C,4,12,172,2.2914,18.3271,0.6995,1.6102,11.7006,34.8873
C,4,12,173,2.2276,15.2493,0.8889,1.796,11.2386,31.6645
C,4,12,174,2.7169,16.3774,0.8404,2.0082,11.9558,34.1487
C,4,12,175,2.3798,19.0892,0.9375,1.8167,11.4746,36.049
C,4,12,176,2.7297,14.9251,0.7805,1.5199,13.5878,33.8045
C,4,12,177,2.0343,13.3438,0.6855,1.8319,13.0893,31.2241
C,4,12,178,3.1406,25.3234,0.743,1.629,11.9044,43.1609
C,4,12,179,2.2166,19.1655,0.6858,1.6856,10.9995,35.0241
C,4,12,180,2.1154,58.8518,0.6896,1.5994,16.0147,79.5166
C,4,12,181,2.1173,13.1817,0.6936,1.4118,13.0284,30.6766
C,4,12,182,2.0559,17.4325,0.7118,1.4479,13.0356,34.9378
C,4,12,183,2.135,12.7592,0.6874,1.4458,13.1967,30.4845
C,4,12,184,2.3164,13.9982,0.8964,1.7698,12.3312,31.6047
C,4,12,185,2.5691,13.2869,0.9405,1.426,12.1474,30.6602
C,4,12,186,2.4404,13.5059,1.087,1.4737,12.3438,31.117
C,4,12,187,2.1744,12.9337,0.6844,1.4206,12.0725,29.5336
C,4,12,188,2.137,16.0112,0.9081,2.0137,12.3806,33.7099
C,4,12,189,2.8476,12.5449,0.8936,1.5108,12.9529,31.0271
C,4,12,190,2.1977,16.4141,0.8586,1.6646,11.1663,32.5579
C,4,12,191,2.6515,16.421,0.6753,1.4561,11.8736,33.3497
C,4,12,192,2.1186,13.0308,0.6741,1.435,11.2918,28.7883
C,4,12,193,2.2617,13.23,0.691,1.467,10.945,28.8619
C,4,12,194,2.6317,12.6029,1.0349,1.5709,10.7842,28.8921
C,4,12,195,2.3978,12.5432,0.6976,1.6925,11.8315,29.4128
C,4,12,196,2.271,14.7239,0.9113,1.5152,11.7057,31.4495
C,4,12,197,2.6724,15.4504,0.6896,1.4812,11.893,32.4551
C,4,12,198,2.1485,15.6087,1.1656,1.578,11.2599,32.1665
C,4,12,199,2.645,11.7813,0.7013,2.1917,10.898,28.465
C,4,12,200,2.2694,16.0376,0.8193,1.6174,13.6442,34.6673
C,4,12,201,2.2151,18.0666,0.6973,1.7612,12.658,35.6686
C,4,12,202,2.527,17.4531,0.7509,1.9581,12.0311,35.0708
C,4,12,203,2.4002,14.6123,1.1622,1.5561,11.5667,31.584
C,4,12,204,2.777,16.4657,0.7431,1.7279,11.0674,33.09
C,4,12,205,2.4386,16.448,0.7236,1.5183,10.6321,32.0393
C,4,12,206,2.6978,14.7411,0.8203,1.4841,10.6061,30.5917
C,4,12,207,2.4101,15.2172,0.9769,1.9032,10.923,31.6995
C,4,12,208,2.1246,12.3241,0.7926,1.4874,10.5829,27.552
C,4,12,209,2.511,12.4961,1.0384,1.5621,11.2281,29.0579
C,4,12,210,2.789,16.3041,0.7518,2.2471,16.8388,39.1915
C,4,12,211,2.4499,13.1323,0.8302,1.705,12.499,30.8916
C,4,12,212,2.8842,16.3988,0.831,1.7557,12.3498,34.4869
C,4,12,213,2.444,12.6513,0.7911,2.2339,14.0226,32.4065
C,4,12,214,2.3554,13.4303,0.9826,1.5457,12.2863,30.8777
C,4,12,215,2.1621,15.0515,0.8401,1.6086,12.6071,32.5863
C,4,12,216,2.7352,16.3387,0.9198,2.5384,13.5639,36.3626
C,4,12,217,2.2116,11.8005,1.0179,1.3706,11.4184,28.0673
C,4,12,218,2.5141,12.3391,0.7447,1.5965,12.0153,29.4389
C,4,12,219,2.3511,12.9811,0.6667,1.17,11.89,29.2954
C,4,12,220,2.1117,15.1229,1.0231,1.1436,11.4245,31.1155
C,4,12,221,2.4473,12.6808,0.668,1.7625,11.5112,29.2871
C,4,12,222,2.2825,13.2178,0.6655,1.4913,11.6117,29.5341
C,4,12,223,2.1603,15.8024,1.3006,1.1088,11.8637,32.4996
C,4,12,224,3.1902,16.0215,0.9007,1.3263,13.7989,35.6625
C,4,12,225,2.1044,16.1419,0.681,1.6426,13.0702,34.0265
C,4,12,226,2.649,13.6544,0.6783,1.0913,12.0108,30.3367
C,4,12,227,2.2906,12.9959,0.8484,1.1229,10.8625,28.3835
C,4,12,228,2.3753,12.4689,0.8112,1.6574,11.6372,29.1632
C,4,12,229,2.1715,12.6994,0.6857,1.3402,11.3289,28.525
C,4,12,230,2.1515,16.6599,1.0651,1.131,11.2048,32.483
C,4,12,231,2.8319,15.1106,0.685,1.1113,11.1322,31.1295
C,4,12,232,2.3714,13.4983,0.817,1.1424,11.5154,29.6047
C,4,12,233,2.5572,16.2678,0.6652,1.4387,11.4176,32.6185
C,4,12,234,2.3403,14.618,0.988,1.2602,10.9381,30.421
C,4,12,235,2.5355,13.9827,0.8644,1.8847,11.8025,31.3863
C,4,12,236,3.1517,16.2449,0.6775,1.7456,12.9034,34.9436
C,4,12,237,3.1739,16.7444,0.7124,1.611,12.7692,35.3812
C,4,12,238,2.5871,12.2979,0.8108,1.213,10.6094,27.7905
C,4,12,239,2.215,13.3907,0.6696,1.6424,11.2362,29.4022
C,4,12,240,2.1735,12.8149,0.6576,1.1447,16.5534,33.5904
C,4,12,241,2.5927,13.5351,0.6706,1.1361,13.1014,31.3079
C,4,12,242,2.2239,15.5609,0.9096,1.5552,12.3744,32.9006
C,4,12,243,2.8267,16.744,0.8777,1.5593,13.3451,35.655
C,4,12,244,2.2092,14.1366,0.8742,1.1942,12.2793,31.1032
C,4,12,245,2.2227,15.6273,0.7942,1.3407,12.3614,32.6026
C,4,12,246,2.3789,12.3692,0.6552,1.5755,12.3564,29.5852
C,4,12,247,3.0706,16.5169,0.6569,1.7288,12.1743,34.4177
C,4,12,248,2.3152,13.9411,0.9526,1.3322,12.3436,31.3754
C,4,12,249,2.9621,13.6162,0.6467,1.2917,12.8357,31.6351
C,4,12,250,2.1439,12.962,0.6097,1.2006,11.3527,28.5174
C,4,12,251,2.9782,14.1451,0.648,1.2296,11.2107,30.4293
C,4,12,252,2.4928,12.9447,0.6746,1.2901,11.6459,29.2943
C,4,12,253,2.6073,14.7876,0.6109,1.2128,12.8324,32.3194
C,4,12,254,2.1174,15.6799,1.0906,1.2761,12.109,32.5773
C,4,12,255,3.357,12.1746,1.3365,1.771,12.6929,31.6761
C,4,12,256,2.1523,13.5818,0.7992,1.4224,11.7079,29.9076
C,4,12,257,2.2061,14.024,0.6008,1.356,12.1647,30.6287
C,4,12,258,2.0937,13.4492,0.6044,1.2043,11.2026,28.7942
C,4,12,259,2.2731,14.1897,0.6053,1.2332,10.5242,29.0871
C,4,12,260,2.4773,13.5224,0.6671,1.2862,12.1768,30.409
C,4,12,261,2.2897,12.1718,0.845,1.2823,12.2335,29.1462
C,4,12,262,2.5921,12.2133,0.5942,1.397,11.1843,28.3064
C,4,12,263,2.2318,13.8733,0.6084,1.7886,10.9514,29.7097
C,4,12,264,2.2472,14.051,0.6146,1.829,11.4214,30.4263
C,4,12,265,2.3129,13.0269,0.5971,1.3248,10.7555,28.3206
C,4,12,266,2.0539,13.9813,0.6069,1.2553,10.9119,29.0586
C,4,12,267,2.5982,14.3901,0.7008,0.9814,11.4642,30.3783
C,4,12,268,2.0982,12.0592,0.7536,1.1706,10.6884,27.043
C,4,12,269,2.0855,13.096,0.5802,0.9835,10.78,27.7409
C,4,12,270,2.117,11.9412,0.751,1.1652,15.9624,32.2614
C,4,12,271,2.0182,16.494,0.563,0.9878,12.6442,32.9302
C,4,12,272,2.1467,11.8191,1.1539,1.0335,11.7144,28.1509
C,4,12,273,2.2342,12.4803,0.5577,1.1545,14.1762,30.8713
C,4,12,274,2.3896,11.8774,0.6305,1.19,11.3755,27.8419
C,4,12,275,1.992,12.7294,0.5568,0.983,12.4635,28.9653
C,4,12,276,2.1152,14.1675,0.5606,1.0143,12.2021,30.3175
B,5,13,20,2.8665,13.7372,0.6651,0.9115,,18.3261
B,5,13,21,2.6556,16.8592,0.6511,1.0883,,21.5822
B,5,13,22,2.2184,12.7989,0.6843,1.0124,,16.9788
B,5,13,23,1.9036,13.0432,0.6422,0.9856,,16.7883
B,5,13,24,2.3293,13.4935,0.8186,1.0759,,18.0132
B,5,13,25,2.0033,13.6418,0.6452,0.9888,,17.5109
B,5,13,26,2.4365,12.2873,0.8768,1.137,,16.9996
B,5,13,27,2.0587,14.1402,0.6453,1.0035,,18.086
B,5,13,28,2.3192,12.451,0.7626,1.1938,,16.9852
B,5,13,29,1.9312,14.0811,0.703,1.0361,,17.9832
B,5,13,30,2.2264,12.1863,0.648,1.3555,,16.6845
B,5,13,31,1.9975,12.8111,0.7444,1.1223,,16.9274
B,5,13,32,2.2808,13.5088,0.6616,1.1979,,18.0381
B,5,13,33,2.0533,14.0625,0.6468,1.067,,18.0837
B,5,13,34,2.7205,14.8392,0.6458,1.0927,,19.5273
B,5,13,35,2.4097,13.1247,0.8136,1.153,,17.8204
B,5,13,36,2.0039,14.0058,0.6436,1.1037,,17.9954
B,5,13,37,2.4489,12.3324,0.7581,1.1624,,17.0276
B,5,13,38,2.0084,12.9748,0.6342,1.1244,,16.9801
B,5,13,39,2.3507,13.2785,0.727,1.2485,,17.8599
B,5,13,40,1.9731,12.8939,0.5959,1.0829,,16.7738
B,5,13,41,2.1919,12.7211,0.6044,1.2055,,16.9717
B,5,13,42,2.134,12.4759,0.6914,1.1121,,16.7366
B,5,13,43,2.0023,14.5165,0.6042,1.4379,,18.7792
B,5,13,44,2.2388,14.2833,0.6121,1.1337,,18.5204
B,5,13,45,2.3597,12.3107,0.7175,1.3485,,17.0623
B,5,13,46,2.1264,14.0648,0.5977,1.1867,,18.2313
B,5,13,47,2.3317,14.153,0.7194,1.1689,,18.623
B,5,13,48,2.4062,12.6764,0.6628,1.2845,,17.2452
B,5,13,49,2.1144,14.0325,0.5945,1.1723,,18.1768
B,5,13,50,2.2571,13.52,0.8146,1.251,,18.0876
B,5,13,51,2.0544,12.5882,0.7012,1.1491,,16.735
B,5,13,52,2.3315,12.3997,0.6143,1.5872,,17.1502
B,5,13,53,2.2927,12.3141,0.603,1.1721,,16.6568
B,5,13,54,2.0469,13.0136,0.593,1.1723,,17.0633
B,5,13,55,2.3327,13.1062,0.6964,1.2083,,17.5862
B,5,13,56,1.9893,13.4594,0.6127,1.1758,,17.4539
B,5,13,57,2.6707,12.8221,0.8621,1.3439,,18.0133
B,5,13,58,2.11,13.9811,0.7918,1.582,,18.7764
B,5,13,59,2.0303,12.8195,0.6984,1.2334,,17.0189
B,5,13,60,2.3463,12.7826,0.7872,1.5662,,17.7119
B,5,13,61,2.0008,14.1557,0.8404,1.2811,,18.5239
B,5,13,62,2.3047,14.0055,0.7514,1.0025,,18.3169
B,5,13,63,2.1789,13.8387,0.7131,1.4055,,18.4523
B,5,13,64,1.9869,13.4553,0.761,1.0129,,17.4491
B,5,13,65,2.4465,13.03,0.9764,1.03,,17.7042
B,5,13,66,2.0356,13.0046,0.7775,0.9795,,17.0306
B,5,13,67,2.5121,12.6081,0.8173,1.2104,,17.4428
B,5,13,68,2.0078,12.6952,0.6189,1.0006,,16.5497
B,5,13,69,2.0319,13.5447,0.6547,1.2289,,17.6941
B,5,13,70,2.1451,12.3632,0.9962,1.0441,,16.8198
B,5,13,71,1.9194,14.8434,0.9357,1.2817,,19.4256
B,5,13,72,2.1414,13.4789,0.6667,1.02,,17.5501
B,5,13,73,2.4634,12.3422,0.8611,1.1952,,17.1047
B,5,13,74,1.9852,12.9822,0.7795,1.0534,,17.0243
B,5,13,75,2.3024,12.3139,0.7814,1.1706,,16.7743
B,5,13,76,2.2279,12.8782,1.0331,1.0757,,17.4642
B,5,13,77,2.2675,12.5035,0.7199,1.0655,,16.8112
B,5,13,78,2.3427,12.4925,0.9683,1.221,,17.2922
B,5,13,79,2.019,14.3036,0.8286,1.4886,,18.8761
B,5,13,80,2.0938,12.5458,0.8012,1.1232,,16.8083
B,5,13,81,2.0116,13.2124,0.8372,1.2369,,17.504
B,5,13,82,2.1708,12.6275,0.9174,1.1242,,17.0794
B,5,13,83,1.986,13.8008,0.901,1.5954,,18.5068
B,5,13,84,2.1287,13.9216,0.8921,1.1763,,18.3872
B,5,13,85,2.4019,13.5396,1.3213,1.1795,,18.7076
B,5,13,86,2.1211,13.8058,1.0712,1.3545,,18.6519
B,5,13,87,1.9839,12.508,0.8998,1.1,,16.7208
B,5,13,88,2.4693,13.0198,0.848,1.3298,,17.9573
B,5,13,89,2.0131,12.3296,0.7175,1.1241,,16.4226
B,5,13,90,2.0902,13.9673,0.6779,1.7237,,18.7109
B,5,13,91,2.0365,12.8038,0.7871,1.0775,,16.9639
B,5,13,92,2.2476,12.4342,0.8404,1.6176,,17.3821
B,5,13,93,2.0203,16.3433,0.8904,1.198,,20.7632
B,5,13,94,2.0025,12.7839,0.6997,1.0968,,16.8153
B,5,13,95,2.2254,13.5318,0.8486,1.4109,,18.2932
B,5,13,96,2.0545,13.0153,0.7243,1.0937,,17.119
B,5,13,97,2.2852,12.6673,0.8332,1.4689,,17.5434
B,5,13,98,2.0018,14.3455,0.7438,1.2994,,18.6367
B,5,13,99,2.3604,13.9515,0.8778,1.1612,,18.6057
B,5,13,100,2.2566,12.762,0.738,1.5455,,17.5033
B,5,13,101,1.9827,13.0063,0.8388,1.2011,,17.2709
B,5,13,102,2.422,13.9532,1.0589,1.2313,,18.8971
B,5,13,103,2.1063,12.9894,0.8133,1.1633,,17.305
B,5,13,104,2.3748,13.0042,0.9763,1.1927,,17.84
B,5,13,105,2.0029,13.2224,0.6744,1.2212,,17.3596
B,5,13,106,2.2984,12.1817,0.8376,1.2508,,16.8698
B,5,13,107,1.9731,12.828,0.6991,1.1443,,16.8658
B,5,13,108,2.2932,12.6132,0.7715,1.4298,,17.3618
B,5,13,109,2.062,13.6636,0.6804,1.1786,,17.835
B,5,13,110,2.3819,13.0844,0.8042,1.3109,,17.8662
B,5,13,111,2.0328,14.1267,0.6674,1.3414,,18.423
B,5,13,112,2.8075,15.9212,0.6535,1.5136,,21.2471
B,5,13,113,2.0008,13.2165,0.6543,1.1716,,17.2753
B,5,13,114,2.4562,13.808,0.9106,1.177,,18.6526
B,5,13,115,1.9862,13.1255,0.656,1.1718,,17.1644
B,5,13,116,2.5856,13.8394,0.6752,1.1854,,18.5529
B,5,13,117,2.1349,15.3941,0.8901,1.2147,,19.8979
B,5,13,118,2.2044,15.713,0.6777,1.1994,,20.0319
B,5,13,119,2.2338,12.5253,0.6412,1.3215,,16.9236
B,5,13,120,2.2685,12.4526,1.0003,1.882,,17.9343
B,5,13,121,2.6305,13.1276,0.643,1.5975,,18.2231
B,5,13,122,2.5397,16.7275,0.7767,1.3029,,21.5794
B,5,13,123,2.1589,13.0352,0.6459,1.5451,,17.6148
B,5,13,124,2.1304,12.5677,0.9442,1.2137,,17.1513
B,5,13,125,1.9928,13.0357,0.6673,1.2754,,17.1676
B,5,13,126,2.4331,12.329,0.783,1.3785,,17.1745
B,5,13,127,1.9582,13.481,0.6524,1.2609,,17.5762
B,5,13,128,2.3698,12.3621,0.7934,1.2761,,17.054
B,5,13,129,1.9898,13.4477,0.652,1.2405,,17.551
B,5,13,130,2.4592,12.5077,0.878,1.5016,,17.5798
B,5,13,131,2.0637,14.4175,0.9494,1.8501,,19.5906
B,5,13,132,2.1909,15.6442,0.89,1.4006,,20.4974
B,5,13,133,2.0206,13.2666,0.7725,1.2868,,17.5899
B,5,13,134,2.3307,13.2601,0.812,1.3063,,17.9728
B,5,13,135,2.0142,14.5027,0.686,1.4363,,18.9134
B,5,13,136,2.0114,13.106,0.9783,1.277,,17.6814
B,5,13,137,2.3795,12.3613,0.616,1.4375,,17.0503
B,5,13,138,2.0168,14.0012,0.6345,1.2271,,18.1062
B,5,13,139,2.4952,13.7859,0.8093,1.2445,,18.61
B,5,13,140,2.1653,12.7329,0.778,1.9939,,17.9503
B,5,13,141,2.6446,14.0231,0.8241,1.4377,,19.2102
B,5,13,142,2.4092,13.3555,0.6895,1.2666,,17.9859
B,5,13,143,2.2679,13.2849,0.6861,1.6628,,18.1383
B,5,13,144,1.9913,14.1614,0.6931,1.4512,,18.5486
B,5,13,145,2.354,14.7461,0.7042,1.3225,,19.3924
B,5,13,146,2.7945,14.5711,0.6893,1.2936,,19.6034
B,5,13,147,2.2476,12.8699,0.7519,1.9314,,18.0765
B,5,13,148,2.6971,13.1456,0.6733,1.5591,,18.3304
B,5,13,149,2.1083,12.8518,0.8215,1.29,,17.328
B,5,13,150,2.0006,14.136,0.6769,1.6735,,18.6953
B,5,13,151,2.0697,17.4336,0.8492,1.4112,,22.0237
B,5,13,152,2.3424,14.2015,0.9316,1.343,,19.0641
B,5,13,153,1.996,13.2196,0.674,1.4281,,17.5379
B,5,13,154,2.1826,14.0312,0.7466,1.4046,,18.6228
B,5,13,155,2.6518,13.2736,0.8536,1.4571,,18.4991
B,5,13,156,1.9901,13.4067,0.6787,1.4678,,17.7892
B,5,13,157,2.3725,12.1274,0.8612,1.4334,,17.042
B,5,13,158,2.1544,17.4741,0.7176,1.4069,,21.9894
B,5,13,159,2.5299,14.4628,0.7625,1.4563,,19.4844
B,5,13,160,2.3162,13.0116,0.6786,1.7155,,17.9947
B,5,13,161,2.0105,14.5496,0.666,1.6753,,19.1395
B,5,13,162,2.014,12.5012,0.827,1.414,,17.0175
B,5,13,163,2.1041,14.4305,0.9085,1.557,,19.2353
B,5,13,164,2.0066,15.568,0.9581,1.3648,,20.1603
B,5,13,165,2.0228,13.5069,0.7086,1.5274,,17.9922
B,5,13,166,2.5822,14.4031,0.6824,1.3697,,19.2914
B,5,13,167,2.3198,13.1102,1.0677,1.6803,,18.4367
B,5,13,168,2.183,14.8429,0.8638,1.5069,,19.698
B,5,13,169,2.0892,16.1292,1.006,1.4434,,20.9727
B,5,13,170,2.2929,12.9329,0.7223,1.496,,17.7526
B,5,13,171,2.1346,15.9214,1.0118,1.9697,,21.3694
B,5,13,172,2.9169,13.7697,0.8369,1.42,,19.1686
B,5,13,173,2.3008,13.0883,0.6865,1.3721,,17.6931
B,5,13,174,2.3573,13.1347,0.8274,1.4452,,18.0383
B,5,13,175,2.0472,13.917,0.6838,1.8153,,18.7901
B,5,13,176,2.1098,14.0048,0.742,1.5357,,18.6501
B,5,13,177,2.2497,14.6387,0.6901,1.408,,19.2447
B,5,13,178,2.5752,15.4354,0.7572,1.6078,,20.6336
B,5,13,179,2.5534,12.6595,0.8359,1.6246,,17.9367
B,5,13,180,2.0785,12.9845,0.6756,1.6654,,17.6124
B,5,13,181,2.0858,14.0121,0.6853,1.3881,,18.4355
B,5,13,182,2.2652,12.7384,0.8245,1.7313,,17.8003
B,5,13,183,2.0149,13.5739,0.6871,1.5972,,18.1146
B,5,13,184,2.2351,12.634,0.839,1.4382,,17.416
B,5,13,185,2.0155,13.9475,0.6862,1.7681,,18.6429
B,5,13,186,2.0322,14.3946,0.6914,1.666,,19.0006
B,5,13,187,2.211,11.9689,0.9065,1.5343,,16.9592
B,5,13,188,2.4472,14.7232,0.8051,1.4974,,19.6864
B,5,13,189,2.1199,13.4185,0.6651,1.4123,,17.8658
B,5,13,190,2.4202,12.8066,1.0173,1.4386,,17.9416
B,5,13,191,1.9844,13.1928,0.6618,1.5636,,17.6179
B,5,13,192,2.2311,13.5726,0.7312,1.4557,,18.2457
B,5,13,193,2.3371,13.008,0.6815,1.7778,,18.103
B,5,13,194,2.0017,14.0579,0.7451,1.6796,,18.6905
B,5,13,195,2.1571,14.7784,0.7068,1.6177,,19.5311
B,5,13,196,2.4014,12.5677,0.9522,1.4763,,17.6489
B,5,13,197,2.0722,13.0281,0.6827,1.7114,,17.6976
B,5,13,198,2.1464,14.4728,0.693,1.4723,,19.0286
B,5,13,199,2.4939,12.8126,1.0163,1.5057,,18.0878
B,5,13,200,1.9981,14.0588,0.6991,1.7677,,18.7686
B,5,13,201,2.0563,14.2639,0.7579,1.7984,,19.1443
B,5,13,202,2.0696,14.4496,0.7641,1.4643,,18.997
B,5,13,203,2.3839,12.6932,0.8819,1.5345,,17.7372
B,5,13,204,2.0583,13.0318,0.7424,1.4581,,17.53
B,5,13,205,2.4753,14.368,0.8036,1.5013,,19.4348
B,5,13,206,2.5486,13.5642,0.9132,1.4851,,18.8044
B,5,13,207,2.1342,13.3563,0.959,1.8004,,18.5047
B,5,13,208,2.0192,14.0484,0.7739,1.9372,,19.0328
B,5,13,209,2.2475,14.2035,0.7646,1.5242,,19.0006
B,5,13,210,2.4309,14.5606,0.7614,1.6037,,19.6257
B,5,13,211,2.3978,12.4913,0.973,1.5934,,17.7486
B,5,13,212,1.9679,13.6473,0.8265,1.3588,,18.0322
B,5,13,213,2.4384,13.9514,0.7628,1.5882,,19.0181
B,5,13,214,2.3221,12.4944,1.0371,1.7852,,17.8845
B,5,13,215,1.9581,14.1114,0.8308,1.6461,,18.791
B,5,13,216,2.0359,12.4131,0.8763,1.2906,,16.8788
B,5,13,217,2.0341,12.9134,0.7382,1.3393,,17.2192
B,5,13,218,2.2511,12.7843,0.928,1.0826,,17.3207
B,5,13,219,1.9526,13.1658,0.6788,1.0609,,17.0756
B,5,13,220,2.35,12.2075,0.6893,1.3971,,16.8992
B,5,13,221,1.9656,14.3188,0.7588,1.1091,,18.3937
B,5,13,222,2.7099,12.0811,0.9016,1.2054,,17.1393
B,5,13,223,1.9374,13.195,0.6682,1.2075,,17.2592
B,5,13,224,2.3467,12.431,0.6782,1.4982,,17.2106
B,5,13,225,2.0033,12.7236,0.6739,1.0748,,16.7451
B,5,13,226,2.1192,12.2666,0.683,1.0771,,16.3737
B,5,13,227,2.5631,14.9657,0.6755,1.114,,19.5954
B,5,13,228,2.5607,13.5597,0.8647,1.115,,18.3956
B,5,13,229,2.0089,14.3136,0.6716,1.699,,18.9316
B,5,13,230,2.167,12.6647,0.6623,1.0997,,16.8632
B,5,13,231,2.2081,13.6112,0.9433,1.2814,,18.3274
B,5,13,232,2.0217,14.5187,0.6571,1.3186,,18.7465
B,5,13,233,2.088,16.5053,0.779,1.7894,,21.4687
B,5,13,234,2.0307,14.9024,0.8944,1.4628,,19.613
B,5,13,235,1.9841,15.9775,0.798,1.1871,,20.1979
B,5,13,236,2.5605,14.4925,0.6742,1.409,,19.3575
B,5,13,237,2.0158,15.4493,0.6717,1.6297,,20.0211
B,5,13,238,2.1454,14.5768,0.6973,1.2921,,18.9772
B,5,13,239,2.1572,14.3407,0.7436,1.2172,,18.7121
B,5,13,240,2.9172,16.7251,0.6523,1.6964,,22.263
B,5,13,241,2.012,17.0212,1.162,1.1704,,21.6318
B,5,13,242,2.2323,14.7997,0.9492,1.5377,,19.8177
B,5,13,243,2.5217,17.8643,0.6398,1.3461,,22.6495
B,5,13,244,2.8692,14.4412,0.6476,1.1351,,19.3589
B,5,13,245,2.4446,16.4103,0.6557,2.0331,,21.8052
B,5,13,246,2.3652,12.7951,0.6496,1.1523,,17.2249
B,5,13,247,2.2659,12.9331,0.6656,1.8492,,18.1448
B,5,13,248,2.1308,17.8328,0.6513,1.1966,,22.0566
B,5,13,249,2.6827,14.9316,0.7652,1.1867,,19.8445
B,5,13,250,2.9286,16.7914,0.6025,1.616,,22.1749
B,5,13,251,2.2183,16.6036,0.8724,1.2181,,21.2113
B,5,13,252,1.9982,17.6776,0.6024,1.3095,,21.8195
B,5,13,253,2.8044,16.487,0.5973,1.4071,,21.5503
B,5,13,254,2.3309,14.4768,0.5981,1.1988,,18.8653
B,5,13,255,2.646,16.2797,0.5978,2.1646,,21.9776
B,5,13,256,2.0218,16.6433,0.8845,1.2276,,21.0316
B,5,13,257,2.1439,17.3231,0.6044,1.2234,,21.628
B,5,13,258,2.9419,15.6568,0.5999,1.3182,,20.7902
B,5,13,259,2.2083,12.0668,0.7608,1.3511,,16.7699
B,5,13,260,2.0175,17.6768,0.6855,1.3374,,21.977
B,5,13,261,2.6806,16.5233,0.601,1.7028,,21.7537
B,5,13,262,2.6709,14.6726,0.6012,1.3304,,19.496
B,5,13,263,2.3126,14.7199,0.6029,1.3505,,19.2559
B,5,13,264,2.8894,17.1946,0.8051,1.339,,22.6748
B,5,13,265,2.0995,16.7244,0.7875,1.2493,,21.1175
B,5,13,266,2.1459,16.7896,0.6022,1.2448,,20.9866
B,5,13,267,2.5965,16.3419,0.7001,1.2556,,21.1364
B,5,13,268,2.1912,12.8724,0.712,0.9591,,17.2542
B,5,13,269,1.8996,14.5065,0.7266,1.3634,,18.8502
B,5,13,270,1.9242,15.3659,0.5788,1.5363,,19.6412
B,5,13,271,2.0041,16.242,0.7478,1.3915,,20.6296
B,5,13,272,2.0055,14.6048,0.5646,1.164,,18.5747
B,5,13,273,2.2903,12.525,0.6547,1.0234,,16.7737
B,5,13,274,1.8679,14.6364,0.5585,1.2896,,18.583
B,5,13,275,2.1501,16.7418,0.9471,1.0202,,21.2076
B,5,13,276,1.8806,16.2586,0.8585,1.1083,,20.3867
C,5,14,20,2.0396,18.0493,0.6469,0.9232,10.4974,32.2865
C,5,14,21,2.4422,12.1198,0.6514,1.2849,15.766,32.5275
C,5,14,22,2.5163,13.3184,0.7991,0.9942,15.9424,33.8523
C,5,14,23,2.1587,14.1668,0.6474,1.0024,13.8725,32.1187
C,5,14,24,2.0928,16.6713,0.656,1.0087,13.4978,34.3247
C,5,14,25,2.2226,17.7132,0.6645,1.0369,13.7851,35.6851
C,5,14,26,2.4188,17.7905,0.6498,1.1691,13.249,35.5578
C,5,14,27,2.4352,13.6704,0.7968,1.1576,14.0592,32.3848
C,5,14,28,2.3082,16.4652,1.0617,1.0675,12.0461,33.2148
C,5,14,29,2.9289,12.1434,0.6449,1.2204,12.8368,30.1462
C,5,14,30,3.046,16.2576,0.6716,1.7303,16.4919,38.4659
C,5,14,31,2.3607,15.6967,0.6596,1.1525,12.0132,32.1303
C,5,14,32,2.5695,14.4488,0.6392,1.0487,12.4485,31.4111
C,5,14,33,2.3941,14.1274,0.6291,1.0374,13.8541,32.3134
C,5,14,34,3.0141,17.0471,0.7961,1.6786,13.2874,36.1031
C,5,14,35,2.7145,12.4679,0.8716,1.0993,11.6907,29.0773
C,5,14,36,2.5004,12.6826,0.6454,1.7828,12.9769,31.1622
C,5,14,37,2.5492,14.786,0.5939,1.0597,13.7009,32.9405
C,5,14,38,2.4116,17.2438,0.6101,1.0991,13.1035,34.7588
C,5,14,39,2.4154,18.1275,0.591,1.2566,13.557,36.1968
C,5,14,40,2.7429,15.3127,0.6138,1.1097,12.261,32.3145
C,5,14,41,2.4021,15.0705,0.6391,1.3806,12.6975,32.6786
C,5,14,42,2.7375,15.4573,0.5907,1.1147,14.6888,34.8402
C,5,14,43,2.7926,17.3999,0.5982,1.299,12.8026,35.3281
C,5,14,44,2.8693,14.9267,0.6015,1.1019,13.2798,33.0018
C,5,14,45,2.095,16.1616,0.6533,1.1496,13.3013,33.6175
C,5,14,46,2.2178,14.9904,0.6827,1.8089,11.2496,31.2115
C,5,14,47,2.087,14.8633,0.9745,1.5973,11.9847,31.7683
C,5,14,48,2.4009,13.1654,0.8435,1.594,11.8119,30.099
C,5,14,49,2.8572,15.8717,0.5938,1.1719,12.5163,33.2787
C,5,14,50,2.3233,15.9711,1.159,1.2075,11.9639,32.9731
C,5,14,51,2.8096,15.1544,0.6743,1.2776,12.1295,32.2768
C,5,14,52,2.1185,13.5988,0.6041,1.3845,12.4899,30.4353
C,5,14,53,2.5095,16.1007,0.5944,1.1782,11.5198,32.1456
C,5,14,54,2.4822,17.5447,1.0974,1.2085,13.0276,35.6472
C,5,14,55,2.1432,16.0674,0.7656,1.7213,12.7825,33.9821
C,5,14,56,2.9188,14.8355,0.6182,1.3066,13.9991,33.9539
C,5,14,57,2.8143,16.5829,0.6719,1.6211,13.1052,35.072
C,5,14,58,3.2833,17.0798,1.2119,1.34,11.7551,35.0564
C,5,14,59,3.1089,17.8695,1.0122,1.249,10.4849,33.9968
C,5,14,60,2.3958,17.3903,0.7719,1.3575,16.8639,39.0629
C,5,14,61,2.2258,14.3763,1.0063,2.5905,12.8225,33.3479
C,5,14,62,2.5201,16.0525,0.913,1.4032,13.163,34.3401
C,5,14,63,2.4437,16.1552,0.744,1.5243,12.6092,33.7391
C,5,14,64,3.0261,17.0217,0.655,1.7791,12.6648,35.4078
C,5,14,65,2.7291,14.6387,0.8112,1.006,11.965,31.441
C,5,14,66,2.3249,15.3053,0.7837,1.5515,11.896,32.1378
C,5,14,67,3.0963,12.413,0.7599,1.2446,12.2142,29.9657
C,5,14,68,2.6607,13.3695,0.6197,1.5426,12.4958,30.9877
C,5,14,69,2.9699,16.3697,0.6455,1.1891,12.9365,34.3767
C,5,14,70,2.5264,17.4132,0.8276,1.3942,11.4667,34.1352
C,5,14,71,2.5753,18.9104,0.668,1.2365,11.8609,35.5322
C,5,14,72,2.3513,17.8654,0.6706,1.2384,12.814,35.2291
C,5,14,73,2.6945,16.6505,0.7353,0.9915,11.3482,32.7722
C,5,14,74,2.1713,18.5082,0.8099,1.2358,12.0827,35.0763
C,5,14,75,2.1099,18.6958,0.7745,1.0819,11.5653,34.4916
C,5,14,76,2.3336,14.9824,0.7551,1.1523,12.0504,31.5455
C,5,14,77,2.1978,14.4294,0.7207,1.4483,11.6343,30.722
C,5,14,78,2.4845,17.6423,0.7417,1.3252,11.7883,34.2696
C,5,14,79,2.2929,18.6406,0.8187,1.2653,12.0294,35.3098
C,5,14,80,2.2009,16.9054,0.7785,1.1993,11.9641,33.4521
C,5,14,81,2.0622,19.1932,0.9038,1.1431,13.9215,37.4893
C,5,14,82,2.8959,17.6167,1.1116,1.7355,11.9967,35.7223
C,5,14,83,3.2476,19.2795,1.0288,1.1337,10.671,35.593
C,5,14,84,2.7486,15.663,0.8329,1.7513,12.249,33.5195
C,5,14,85,2.6257,15.6809,0.9039,1.1566,11.9656,32.5899
C,5,14,86,2.1596,16.3933,1.411,1.1902,11.0203,32.4585
C,5,14,87,2.8996,16.1493,0.9147,1.2863,12.3504,33.9482
C,5,14,88,2.2853,14.837,1.0298,1.2086,12.0449,31.8209
C,5,14,89,2.9695,17.0465,1.1431,1.1772,10.9948,33.6788
C,5,14,90,2.2772,16.8053,0.6714,1.1188,16.8232,37.9565
C,5,14,91,2.4301,19.071,0.7619,1.1721,13.5295,37.2341
C,5,14,92,2.5765,17.8707,0.8465,1.2999,12.2376,35.2842
C,5,14,93,2.9829,16.9295,0.7017,1.4789,13.3242,35.6533
C,5,14,94,3.4946,18.5713,0.8071,1.1892,12.422,36.7275
C,5,14,95,2.2911,19.0435,0.7858,1.1918,13.9104,37.4849
C,5,14,96,2.7337,16.3379,0.7195,1.1268,12.609,33.8117
C,5,14,97,2.4072,14.877,1.2297,1.1848,12.924,33.0404
C,5,14,98,2.3062,14.5991,0.7584,1.1522,11.5929,30.6659
C,5,14,99,2.1835,18.08,0.8461,1.2637,12.8392,35.4965
C,5,14,100,2.1249,19.4274,0.7406,1.376,12.1809,36.1078
C,5,14,101,2.2701,13.1163,0.8098,1.5426,11.991,30.0305
C,5,14,102,2.5333,14.1635,1.1857,1.1902,11.5943,30.9742
C,5,14,103,2.7019,15.5017,0.8179,1.1847,11.7413,32.2161
C,5,14,104,2.1308,17.5278,0.9609,1.3879,13.1567,35.4294
C,5,14,105,2.1294,14.9754,0.7067,1.7695,12.6116,32.4523
C,5,14,106,2.3758,13.0777,0.8911,1.3049,11.4595,29.5557
C,5,14,107,2.8862,17.545,0.6741,1.4374,10.9418,33.8143
C,5,14,108,2.1162,18.7678,0.6744,1.6931,11.4197,34.9469
C,5,14,109,2.2771,19.0326,0.6677,1.7558,11.701,35.6972
C,5,14,110,2.3041,17.8395,0.7426,1.8056,11.278,34.2736
C,5,14,111,2.1302,14.4616,0.6623,1.7968,11.794,31.1792
C,5,14,112,2.5807,17.6315,0.8204,1.6241,11.4863,34.5928
C,5,14,113,2.4572,16.484,0.6608,1.1953,11.9233,33.1666
C,5,14,114,2.3057,14.3759,0.6778,1.4378,12.3627,31.4294
C,5,14,115,2.5538,17.4693,0.6637,1.3708,11.5275,33.8737
C,5,14,116,2.0775,13.6133,0.6532,1.204,12.9187,30.7113
C,5,14,117,2.119,17.5564,0.6644,1.1992,12.2803,34.0803
C,5,14,118,2.1138,14.8472,0.6582,1.7148,11.963,31.5572
C,5,14,119,2.4799,18.4073,1.1895,1.29,11.3208,35.1206
C,5,14,120,2.6319,23.319,0.8998,1.9107,17.6105,46.7429
C,5,14,121,2.7861,25.8981,0.6831,2.0235,13.533,45.2038
C,5,14,122,2.3487,27.1441,0.7857,1.487,13.0739,45.261
C,5,14,123,2.1755,25.3223,0.7529,1.4444,13.842,43.7954
C,5,14,124,3.0482,18.5805,0.6348,1.2093,12.4931,36.267
C,5,14,125,2.2485,16.308,0.8257,1.786,12.9111,34.4058
C,5,14,126,2.4786,16.731,1.2368,1.2938,11.9496,34.0811
C,5,14,127,2.6474,16.8057,0.6521,2.2187,12.5287,35.1226
C,5,14,128,3.1548,15.9716,0.651,1.7879,12.7711,34.5692
C,5,14,129,2.6647,13.4924,0.6761,1.2517,12.7909,31.121
C,5,14,130,2.3472,14.6215,0.7662,1.2976,12.8609,32.3207
C,5,14,131,2.1494,14.1874,0.6337,1.6333,11.2221,30.0912
C,5,14,132,2.1434,14.1844,0.6579,1.7229,10.876,29.8037
C,5,14,133,2.1818,13.5296,0.7205,1.5869,11.5723,29.8469
C,5,14,134,2.2096,13.6064,0.6857,1.7728,10.8711,29.419
C,5,14,135,2.1858,13.4654,0.6302,1.2411,11.7353,29.5095
C,5,14,136,2.1848,14.3155,0.6195,1.3752,11.6036,30.3556
C,5,14,137,2.2533,16.1569,0.7302,1.3039,11.1202,31.8707
C,5,14,138,2.3867,13.2829,0.7019,1.4504,11.187,29.344
C,5,14,139,2.279,14.0338,0.8614,1.4251,11.4593,30.3503
C,5,14,140,2.5455,14.2397,0.891,1.3144,11.9029,31.1991
C,5,14,141,2.9099,15.2614,0.783,1.4808,12.3277,32.9959
C,5,14,142,2.2276,14.3168,0.9353,1.4403,11.2541,30.4412
C,5,14,143,2.456,14.3875,1.369,1.3223,10.3337,30.1754
C,5,14,144,2.5026,15.936,0.7089,1.3637,10.6669,31.5387
C,5,14,145,2.5799,14.4852,0.7183,1.4132,11.4168,30.8422
C,5,14,146,2.2714,13.2656,0.686,1.2976,11.2151,29.0301
C,5,14,147,2.8454,12.4548,0.9098,1.4433,10.722,28.6509
C,5,14,148,2.485,12.8896,0.6816,1.7774,10.8547,28.9713
C,5,14,149,2.1828,13.0928,0.6921,1.4494,10.6149,28.2855
C,5,14,150,2.3144,14.3554,0.6842,1.5829,17.381,36.5828
C,5,14,151,2.3093,13.5903,0.6803,1.7073,12.7203,31.2962
C,5,14,152,2.5278,13.0105,0.833,1.5616,11.493,29.7207
C,5,14,153,2.6232,12.7439,0.7474,1.7498,12.9831,31.1033
C,5,14,154,2.5381,12.3555,0.9336,1.3891,12.1742,29.671
C,5,14,155,2.5905,13.0742,0.8416,1.3838,12.2561,30.4199
C,5,14,156,2.755,15.9449,0.6723,1.5557,12.3693,33.5773
C,5,14,157,2.6797,15.9053,0.6854,1.4199,12.82,33.7482
C,5,14,158,2.13,14.4209,0.7078,1.6816,11.5263,30.7283
C,5,14,159,2.9314,13.3739,0.7449,1.5642,11.7826,30.7973
C,5,14,160,2.4092,14.1976,0.9669,1.3678,12.3671,31.6421
C,5,14,161,2.4028,14.5535,0.695,1.3987,11.4215,30.7379
C,5,14,162,2.2312,14.3343,0.6747,1.4929,12.4514,31.4649
C,5,14,163,2.2072,14.7263,0.855,1.576,11.9472,31.5786
C,5,14,164,2.7148,17.5527,0.8115,1.5002,12.1178,34.9369
C,5,14,165,2.5307,15.2077,0.707,1.4575,12.9197,33.1031
C,5,14,166,2.2595,13.6174,0.7426,1.8082,11.2808,29.9733
C,5,14,167,2.1672,13.2495,0.6679,1.4801,10.7884,28.5914
C,5,14,168,2.5539,12.9297,0.7344,1.3835,11.05,28.9476
C,5,14,169,2.6148,13.8998,0.8034,1.4523,10.7859,29.825
C,5,14,170,2.7257,15.3626,0.7085,1.5722,11.5169,32.1716
C,5,14,171,2.1235,14.7109,0.6891,1.6722,11.435,30.8986
C,5,14,172,2.3267,18.7037,0.7201,2.0608,11.7632,35.8963
C,5,14,173,2.5279,15.6776,0.7354,1.4785,11.1228,31.8553
C,5,14,174,2.1413,13.0466,0.7521,1.4312,12.2169,29.8371
C,5,14,175,2.3154,14.5499,0.6987,1.4042,11.9147,31.1424
C,5,14,176,2.4048,13.8587,0.682,1.6617,12.3024,31.1737
C,5,14,177,2.7594,14.6207,0.8015,1.4633,12.5368,32.4536
C,5,14,178,2.7034,18.6869,0.9021,1.4924,12.5209,36.5623
C,5,14,179,2.1596,17.9468,0.7831,1.4305,12.5081,35.1025
C,5,14,180,2.2454,18.0489,0.6909,1.4279,16.4037,39.1047
C,5,14,181,2.2177,19.9813,0.7081,1.8023,13.9615,38.976
C,5,14,182,2.6833,21.0269,0.684,1.754,13.0977,39.5137
C,5,14,183,2.7122,21.9499,0.9371,1.8977,13.4647,41.3279
C,5,14,184,2.2981,24.1288,0.7054,1.7311,12.0363,41.2003
C,5,14,185,2.204,19.0337,1.0048,2.0558,14.2832,38.9747
C,5,14,186,2.3081,15.2785,0.7103,1.9852,12.665,33.1772
C,5,14,187,2.6139,15.3135,1.0106,2.1674,12.7584,34.1912
C,5,14,188,2.308,12.9154,0.6775,1.9708,12.3032,30.5191
C,5,14,189,2.591,13.2299,0.7987,1.4855,12.8911,31.2939
C,5,14,190,2.1541,15.2139,0.6879,1.6851,12.1261,32.1366
C,5,14,191,2.106,13.7717,0.6938,1.6709,11.4211,29.9537
C,5,14,192,2.2886,14.0181,0.6768,1.7226,11.1639,30.1679
C,5,14,193,2.9332,13.4239,0.8954,1.6911,11.4401,30.79
C,5,14,194,2.5474,13.9417,0.9877,1.6579,11.0526,30.4676
C,5,14,195,2.6736,13.0674,0.7785,1.5406,11.2178,29.5346
C,5,14,196,2.4135,14.0947,0.8999,1.6503,11.2056,30.5893
C,5,14,197,2.4965,13.7706,0.7767,1.4883,10.696,29.506
C,5,14,198,2.4686,13.6502,0.7995,1.5225,10.8098,29.5284
C,5,14,199,2.3455,13.0258,0.7134,1.6864,11.1612,29.221
C,5,14,200,2.1596,13.9922,0.7333,1.7694,12.3029,31.3547
C,5,14,201,2.6608,14.479,0.7286,1.5783,12.1874,31.9393
C,5,14,202,2.3161,13.3855,0.7648,1.6451,11.8551,30.2338
C,5,14,203,2.2534,14.0133,0.7404,1.658,11.7255,30.6772
C,5,14,204,2.348,14.9402,0.9053,1.7071,11.3464,31.5475
C,5,14,205,2.5573,12.689,0.7267,1.8029,11.2521,29.2626
C,5,14,206,2.5119,18.359,0.7447,1.7683,10.8561,34.5278
C,5,14,207,2.2984,14.757,1.2258,1.6136,11.2552,31.4282
C,5,14,208,2.3323,12.8426,0.8535,2.0763,11.0714,29.5118
C,5,14,209,2.2926,14.077,1.0,1.7174,11.5495,30.9013
C,5,14,210,2.6355,14.2347,0.7654,1.646,16.2235,35.8422
C,5,14,211,2.2916,13.4708,0.8547,1.6058,12.7244,31.2208
C,5,14,212,2.1079,14.0021,0.7948,1.2904,11.6536,30.1096
C,5,14,213,2.2716,13.3678,0.7519,1.526,13.1479,31.3383
C,5,14,214,2.2007,14.4834,1.1703,1.6363,11.7682,31.5908
C,5,14,215,2.4174,13.3201,0.9429,1.4505,12.1413,30.5792
C,5,14,216,2.1512,13.5075,0.8472,1.3825,12.5447,30.7148
C,5,14,217,2.1704,13.9392,0.7268,1.3113,11.9947,30.4907
C,5,14,218,2.214,14.071,0.8116,1.1518,11.9412,30.4649
C,5,14,219,2.0996,14.1008,0.6665,1.2162,11.6243,29.9659
C,5,14,220,2.0594,14.027,0.6597,1.2079,11.6724,29.8841
C,5,14,221,2.0742,13.8426,0.7171,1.1016,11.329,29.3229
C,5,14,222,2.1417,14.2126,0.7171,1.0989,11.4752,29.9152
C,5,14,223,2.1405,12.6281,0.6547,1.077,11.5036,28.2644
C,5,14,224,2.5263,11.9998,0.6833,1.564,12.0523,29.1187
C,5,14,225,2.3779,13.2955,0.7991,1.2075,15.4334,33.3978
C,5,14,226,2.16,13.1194,0.6598,1.0789,11.4703,28.746
C,5,14,227,2.1921,13.7266,0.6866,1.1154,10.5963,28.5809
C,5,14,228,2.4256,13.4032,0.7477,1.1599,11.0961,29.1113
C,5,14,229,2.2519,15.6825,0.6887,1.2119,11.8557,31.9668
C,5,14,230,2.2469,13.4658,0.6782,1.2273,10.8284,28.7274
C,5,14,231,2.518,14.451,0.6898,1.2249,11.1493,30.3313
C,5,14,232,2.7159,14.1571,0.718,1.22,11.355,30.4647
C,5,14,233,2.4633,16.3294,0.8759,1.319,10.4196,31.7723
C,5,14,234,2.8747,14.8928,0.8104,1.1785,10.7037,30.8548
C,5,14,235,2.033,12.4548,0.6714,1.1256,11.0384,27.5432
C,5,14,236,2.429,14.6857,0.7315,1.1438,12.1408,31.4155
C,5,14,237,2.0832,14.7963,0.6736,1.5232,12.497,31.8448
C,5,14,238,2.3197,13.0865,0.6444,1.253,11.5541,29.1707
C,5,14,239,2.1483,13.3907,0.6577,1.2554,10.2249,27.9864
C,5,14,240,2.663,13.6278,0.7143,1.1548,16.4264,34.8162
C,5,14,241,2.278,12.2056,0.9348,1.2315,12.6273,29.575
C,5,14,242,2.3364,12.535,0.8134,1.2783,11.9815,29.2613
C,5,14,243,2.8732,12.0423,0.9038,1.2834,12.002,29.4237
C,5,14,244,2.6228,12.4518,0.7504,1.4255,11.6359,29.2544
C,5,14,245,2.2781,13.3347,0.656,1.5567,11.8081,29.8973
C,5,14,246,2.294,13.0333,0.7311,1.3062,11.4871,29.1322
C,5,14,247,2.1341,14.4983,0.6872,1.5323,11.8773,31.0826
C,5,14,248,2.3288,17.5559,0.679,1.3332,11.9282,34.0848
C,5,14,249,2.353,17.5658,0.6301,1.1791,12.7407,34.7516
C,5,14,250,2.2324,13.5128,0.6155,1.3353,11.8734,29.8655
C,5,14,251,2.7648,15.4,0.6172,1.2416,10.9864,31.2981
C,5,14,252,2.3868,14.894,0.6274,1.3201,10.9684,30.4925
C,5,14,253,2.4827,13.3664,0.5865,1.2288,11.402,29.3727
C,5,14,254,2.2589,13.8341,0.842,1.3578,11.0769,29.6676
C,5,14,255,2.4279,14.3152,0.7095,1.2359,11.1783,30.1515
C,5,14,256,2.4863,16.4777,0.5973,1.2731,11.2165,32.2888
C,5,14,257,2.4454,15.0171,0.6025,1.6619,11.1327,31.1417
C,5,14,258,2.3314,15.399,0.8384,1.2976,11.1399,31.3054
C,5,14,259,2.4308,16.6099,0.6128,1.3464,12.6679,33.981
C,5,14,260,2.3085,14.4586,0.6539,1.4539,11.983,31.1459
C,5,14,261,2.6599,15.3582,0.6086,1.634,12.9268,33.434
C,5,14,262,2.3029,15.8007,0.663,1.4009,11.1408,31.6101
C,5,14,263,2.6584,16.334,0.6064,1.6254,10.7396,32.2129
C,5,14,264,2.4016,14.2417,0.6833,1.2569,10.7324,29.5439
C,5,14,265,2.5734,16.2557,0.6919,1.4943,11.2461,32.5794
C,5,14,266,2.2849,13.9917,0.7437,1.3538,10.8721,29.6099
C,5,14,267,2.4559,14.752,0.7369,1.0904,11.3898,30.7297
C,5,14,268,2.2439,14.3228,0.7461,1.0254,11.1539,29.8152
C,5,14,269,2.3855,12.046,0.5993,0.9845,10.4323,26.6735
C,5,14,270,2.2939,14.2787,0.5962,1.0112,16.1827,34.6712
C,5,14,271,2.2018,14.238,0.6362,1.0933,13.4513,31.8955
C,5,14,272,2.677,17.5632,0.7592,1.4479,12.925,35.5991
C,5,14,273,2.0954,12.8484,0.7055,1.0337,13.1673,30.0765
C,5,14,274,2.205,14.542,0.5625,1.2353,11.7751,30.5817
C,5,14,275,2.0295,12.484,0.701,1.0063,12.5929,29.0539
C,5,14,276,2.0958,14.2069,0.6166,1.1043,11.8453,30.1736
A,5,15,20,2.0852,16.8537,0.9135,,,19.9535
A,5,15,21,2.1987,15.5325,0.6911,,,18.7325
A,5,15,22,2.2784,17.1953,1.241,,,21.0734
A,5,15,23,2.6725,14.5474,0.6454,,,18.1468
A,5,15,24,2.3379,13.2411,0.994,,,16.8562
A,5,15,25,2.0265,14.2718,0.8528,,,17.3965
A,5,15,26,2.464,17.1897,0.6463,,,20.581
A,5,15,27,2.7291,15.5431,0.6618,,,19.1559
A,5,15,28,2.9735,16.6968,0.6522,,,20.5765
A,5,15,29,2.3267,15.5291,0.9508,,,19.1476
A,5,15,30,2.5685,17.6845,0.6487,,,21.3534
A,5,15,31,2.8977,17.8201,1.1314,,,22.1254
A,5,15,32,2.1057,13.5405,0.6619,,,16.5657
A,5,15,33,2.3618,16.3046,0.6692,,,19.6869
A,5,15,34,2.6373,17.4531,0.669,,,21.0729
A,5,15,35,3.1329,17.9831,0.8783,,,22.3159
A,5,15,36,2.2917,14.0552,0.6662,,,17.2789
A,5,15,37,2.4067,13.523,0.6735,,,16.8568
A,5,15,38,2.7277,15.8242,0.8717,,,19.7622
A,5,15,39,2.664,14.476,0.6485,,,18.0809
A,5,15,40,2.7618,14.2387,0.6232,,,17.8577
A,5,15,41,2.2184,13.6792,0.8493,,,17.0626
A,5,15,42,2.7398,17.6864,0.5904,,,21.2633
A,5,15,43,2.6351,15.6799,0.6143,,,19.1969
A,5,15,44,2.8314,18.0667,0.6721,,,21.8686
A,5,15,45,2.4439,13.388,0.6387,,,16.745
A,5,15,46,2.2676,15.4107,0.719,,,18.6807
A,5,15,47,2.4592,13.7833,0.6664,,,17.1256
A,5,15,48,2.4966,16.2268,0.6362,,,19.601
A,5,15,49,2.596,13.4992,0.6325,,,17.0887
A,5,15,50,2.6846,16.5123,0.8324,,,20.4865
A,5,15,51,2.1318,12.4689,0.8601,,,15.7093
A,5,15,52,2.4144,14.9403,0.6089,,,18.2296
A,5,15,53,2.9339,17.3667,1.0705,,,21.7082
A,5,15,54,2.3686,14.951,0.6421,,,18.2515
A,5,15,55,2.4681,14.0762,1.0832,,,17.9071
A,5,15,56,2.0868,13.4002,0.6357,,,16.3708
A,5,15,57,2.5606,12.5044,0.6795,,,15.9978
A,5,15,58,2.7034,14.8947,0.883,,,18.7414
A,5,15,59,2.712,15.1796,0.747,,,18.9584
A,5,15,60,2.8737,19.5466,1.174,,,23.8784
A,5,15,61,2.5216,13.7675,0.8348,,,17.4292
A,5,15,62,2.3555,12.5584,0.6983,,,15.8095
A,5,15,63,2.4673,14.0565,0.657,,,17.4752
A,5,15,64,2.2185,16.8271,0.9359,,,20.2023
A,5,15,65,2.1152,17.0815,0.7955,,,20.2119
A,5,15,66,2.3158,17.1336,0.8293,,,20.509
A,5,15,67,2.9598,14.2589,0.8513,,,18.3843
A,5,15,68,2.2145,14.5251,0.6283,,,17.5908
A,5,15,69,2.6756,12.4372,0.8394,,,16.1791
A,5,15,70,2.6367,13.3373,1.1759,,,17.5184
A,5,15,71,2.3814,16.8184,0.7301,,,20.1879
A,5,15,72,2.5778,17.3241,0.9482,,,21.1676
A,5,15,73,2.7944,17.0493,1.1293,,,21.4791
A,5,15,74,2.4693,19.9427,1.1264,,,23.9904
A,5,15,75,4.0995,19.6537,0.9454,,,24.9533
A,5,15,76,3.7394,17.187,1.1656,,,22.4278
A,5,15,77,3.4247,16.9304,1.3666,,,22.1475
A,5,15,78,2.8174,12.9127,0.9651,,,16.9626
A,5,15,79,2.358,14.6664,1.4075,,,18.8188
A,5,15,80,4.4202,18.4021,0.786,,,23.915
A,5,15,81,3.0055,13.0403,1.4744,,,17.9012
A,5,15,82,2.4011,13.5507,0.9316,,,17.156
A,5,15,83,2.8081,13.2065,1.5373,,,17.922
A,5,15,84,2.4488,14.1977,1.1338,,,18.1618
A,5,15,85,2.7063,14.0174,0.9497,,,17.9628
A,5,15,86,2.3827,13.5914,1.8026,,,18.0343
A,5,15,87,2.2795,14.1839,0.9665,,,17.6785
A,5,15,88,2.7384,14.2007,0.8875,,,18.1283
A,5,15,89,2.0795,12.8532,0.7108,,,15.8635
A,5,15,90,2.6472,12.3233,0.6766,,,15.9431
A,5,15,91,3.0796,14.9461,0.7807,,,19.0977
A,5,15,92,2.8131,16.5144,0.8566,,,20.4299
A,5,15,93,2.5981,13.7376,0.8478,,,17.4597
A,5,15,94,2.0578,16.0508,1.1588,,,19.5136
A,5,15,95,2.1011,11.8797,1.0993,,,15.3479
A,5,15,96,2.0729,15.7939,1.0862,,,19.2192
A,5,15,97,2.3532,14.9633,0.847,,,18.4393
A,5,15,98,2.478,13.639,1.1331,,,17.5069
A,5,15,99,2.1128,14.0984,0.7442,,,17.2012
A,5,15,100,2.4053,16.5859,0.7436,,,20.0054
A,5,15,101,2.7381,16.4838,0.8853,,,20.4134
A,5,15,102,3.0011,14.1779,0.8238,,,18.2826
A,5,15,103,2.2599,12.7881,0.8185,,,16.0722
A,5,15,104,2.466,12.4718,0.7712,,,15.9281
A,5,15,105,2.7223,13.0692,1.1301,,,17.3126
A,5,15,106,2.3422,17.8063,0.7392,,,21.1442
A,5,15,107,2.7137,16.9933,0.7046,,,20.6663
A,5,15,108,2.4213,13.2791,1.1335,,,17.3021
A,5,15,109,2.2986,14.1304,0.698,,,17.4224
A,5,15,110,2.485,17.4406,0.7575,,,20.9139
A,5,15,111,2.9761,13.5586,0.6981,,,17.5279
A,5,15,112,2.3533,17.2161,0.6882,,,20.5104
A,5,15,113,2.4663,19.9433,1.4005,,,24.2708
A,5,15,114,2.2772,18.6061,0.7803,,,21.9186
A,5,15,115,2.4664,12.9089,0.7751,,,16.5196
A,5,15,116,2.7737,15.2422,0.6704,,,18.985
A,5,15,117,2.3003,16.4746,0.6834,,,19.7196
A,5,15,118,3.0199,13.2843,0.8005,,,17.3785
A,5,15,119,2.4178,13.2639,0.6544,,,16.5978
A,5,15,120,2.4122,13.1032,0.6528,,,16.4539
A,5,15,121,2.789,16.0369,0.6568,,,19.7385
A,5,15,122,2.4096,16.6405,0.6548,,,19.9824
A,5,15,123,3.0351,14.8117,0.9053,,,19.0669
A,5,15,124,2.4584,13.1504,0.6653,,,16.5545
A,5,15,125,3.0944,15.9438,0.666,,,20.0405
A,5,15,126,2.241,15.0709,0.7158,,,18.2981
A,5,15,127,2.597,15.9057,0.6777,,,19.4213
A,5,15,128,2.132,12.9986,0.657,,,16.0414
A,5,15,129,2.3466,12.588,0.6602,,,15.8376
A,5,15,130,2.4061,13.0679,0.7622,,,16.4849
A,5,15,131,2.1194,15.3693,0.6693,,,18.4045
A,5,15,132,2.3305,12.9279,0.9166,,,16.5737
A,5,15,133,2.4669,14.5038,0.719,,,17.9326
A,5,15,134,2.4429,13.9279,0.7449,,,17.391
A,5,15,135,2.2486,11.4246,0.6967,,,14.6258
A,5,15,136,2.0475,13.0589,0.6537,,,16.0036
A,5,15,137,2.2702,12.3936,0.6537,,,15.5645
A,5,15,138,2.2002,13.3855,0.644,,,16.4858
A,5,15,139,2.6048,12.7045,0.8751,,,16.4942
A,5,15,140,2.4803,11.8516,1.1032,,,15.8021
A,5,15,141,2.3813,17.6334,1.116,,,21.3941
A,5,15,142,2.2751,14.5581,1.0853,,,18.229
A,5,15,143,2.274,17.4016,0.7346,,,20.6903
A,5,15,144,2.0934,12.8165,0.7293,,,15.9054
A,5,15,145,2.2872,16.5209,0.7413,,,19.8126
A,5,15,146,2.327,16.6946,0.7602,,,20.0497
A,5,15,147,2.351,14.4112,0.8616,,,17.9084
A,5,15,148,2.3362,13.0658,0.6853,,,16.3537
A,5,15,149,2.0623,14.6506,0.6906,,,17.7452
A,5,15,150,2.4434,12.63,0.7614,,,16.1361
A,5,15,151,2.3444,16.5873,0.8818,,,20.087
A,5,15,152,2.1266,12.7055,0.6655,,,15.7606
A,5,15,153,2.1604,14.0671,0.7355,,,17.1861
A,5,15,154,2.7231,16.266,0.6689,,,19.9333
A,5,15,155,2.697,12.1957,0.9692,,,16.1479
A,5,15,156,2.5277,17.5906,0.6838,,,21.1099
A,5,15,157,2.1535,13.2532,0.6875,,,16.3237
A,5,15,158,2.6579,17.614,0.7086,,,21.2872
A,5,15,159,2.6671,13.7217,0.8197,,,17.4546
A,5,15,160,2.1557,17.4906,0.6938,,,20.6097
A,5,15,161,2.2679,14.1622,0.7006,,,17.3572
A,5,15,162,2.5614,15.6108,0.6833,,,19.089
A,5,15,163,2.4066,12.881,0.6941,,,16.1896
A,5,15,164,2.7153,15.3036,0.7536,,,19.0156
A,5,15,165,2.3487,13.7804,1.0487,,,17.4338
A,5,15,166,2.443,17.2666,0.9576,,,20.9172
A,5,15,167,2.3318,14.5378,0.7571,,,17.9377
A,5,15,168,2.8436,15.2989,0.7201,,,19.1502
A,5,15,169,2.6654,12.9174,0.9818,,,16.8774
A,5,15,170,2.6959,15.0766,0.7494,,,18.8601
A,5,15,171,2.5392,15.3178,0.7005,,,19.0006
A,5,15,172,2.311,12.2736,0.6953,,,15.5273
A,5,15,173,2.436,12.5319,1.3602,,,16.6392
A,5,15,174,2.071,14.3147,0.6916,,,17.3342
A,5,15,175,2.8918,16.8369,0.6929,,,20.6956
A,5,15,176,2.6808,16.2441,0.6935,,,19.9065
A,5,15,177,2.8943,15.3442,0.7727,,,19.2428
A,5,15,178,2.4553,15.8609,0.7552,,,19.3622
A,5,15,179,2.5106,18.0543,0.7173,,,21.5566
A,5,15,180,2.9957,15.6026,0.8517,,,19.7597
A,5,15,181,2.9675,15.4509,0.7171,,,19.3763
A,5,15,182,2.3436,16.7532,0.6904,,,20.0944
A,5,15,183,2.8182,16.9962,0.8629,,,21.2011
A,5,15,184,2.3698,14.545,0.8418,,,18.0429
A,5,15,185,2.2912,14.4988,1.2528,,,18.3877
A,5,15,186,2.0336,14.5765,0.749,,,17.6133
A,5,15,187,2.5546,12.8357,1.1826,,,16.9102
A,5,15,188,2.076,17.7685,0.8339,,,20.9345
A,5,15,189,2.1575,17.9773,0.6924,,,21.0826
A,5,15,190,2.3236,16.2382,0.7405,,,19.6533
A,5,15,191,2.1562,16.4421,0.6807,,,19.5608
A,5,15,192,2.0404,13.942,0.7386,,,16.9303
A,5,15,193,2.5601,16.511,0.6796,,,20.0332
A,5,15,194,2.6858,17.1845,0.9488,,,21.0917
A,5,15,195,2.6824,16.865,0.9247,,,20.7722
A,5,15,196,1.9949,11.6841,0.9957,,,14.9159
A,5,15,197,2.0449,13.8231,0.6907,,,16.809
A,5,15,198,2.2089,13.1777,0.6975,,,16.3122
A,5,15,199,2.4356,13.3488,1.3848,,,17.4415
A,5,15,200,2.1496,14.2735,0.6979,,,17.3913
A,5,15,201,2.6003,17.0091,0.6947,,,20.7848
A,5,15,202,2.4714,12.2717,0.9915,,,16.0542
A,5,15,203,2.0946,17.7806,0.8401,,,20.9786
A,5,15,204,2.033,14.874,0.869,,,18.0279
A,5,15,205,2.3137,13.2737,0.9505,,,16.8029
A,5,15,206,2.0416,14.3324,0.7961,,,17.3948
A,5,15,207,2.6364,16.5807,1.0854,,,20.6313
A,5,15,208,2.3645,14.2486,0.7974,,,17.6757
A,5,15,209,2.4244,12.5505,0.9885,,,16.2321
A,5,15,210,2.7273,17.0756,1.0514,,,21.1511
A,5,15,211,2.6943,14.1421,0.8427,,,17.9781
A,5,15,212,2.2097,12.4838,0.8126,,,15.7508
A,5,15,213,3.016,14.7876,0.787,,,18.8643
A,5,15,214,2.3524,13.3009,1.0756,,,17.0347
A,5,15,215,2.3703,12.1309,1.2831,,,16.0487
A,5,15,216,2.3514,15.919,1.1406,,,19.81
A,5,15,217,2.1495,14.4111,0.7329,,,17.5218
A,5,15,218,2.4298,12.4436,0.7499,,,15.8539
A,5,15,219,2.6001,14.0762,0.6852,,,17.6124
A,5,15,220,2.1308,17.9586,0.6819,,,21.0088
A,5,15,221,2.4938,14.5223,0.8767,,,18.1767
A,5,15,222,2.2378,13.5087,0.6916,,,16.6812
A,5,15,223,2.1054,12.5267,0.6999,,,15.5409
A,5,15,224,2.4637,12.9554,0.6784,,,16.59
A,5,15,225,2.324,15.373,0.6833,,,18.6426
A,5,15,226,2.9098,16.9854,0.6817,,,20.8459
A,5,15,227,2.8637,16.5448,0.7097,,,20.4913
A,5,15,228,2.6629,16.5291,0.9915,,,20.4473
A,5,15,229,2.2838,12.1798,0.781,,,15.4881
A,5,15,230,2.1782,14.6111,0.6737,,,17.7115
A,5,15,231,2.7223,17.095,0.6795,,,20.7612
A,5,15,232,2.5532,15.8672,0.6797,,,19.3814
A,5,15,233,2.2811,12.6932,0.6684,,,15.8796
A,5,15,234,2.5886,15.584,0.6696,,,19.1246
A,5,15,235,2.6775,16.1229,0.8421,,,19.9156
A,5,15,236,3.1404,18.6336,0.809,,,22.8286
A,5,15,237,2.2076,14.88,0.6784,,,18.0085
A,5,15,238,2.5843,17.3448,0.8908,,,21.1323
A,5,15,239,2.2967,14.9322,0.6721,,,18.1671
A,5,15,240,2.6577,15.1046,0.68,,,18.7061
A,5,15,241,2.5699,18.193,0.6706,,,21.6885
A,5,15,242,2.5296,14.0895,0.8377,,,17.7119
A,5,15,243,2.1151,15.0881,0.9876,,,18.6734
A,5,15,244,2.4283,17.6455,0.7993,,,21.1523
A,5,15,245,2.2405,17.874,0.7517,,,21.1209
A,5,15,246,2.4327,17.7195,0.6626,,,21.0888
A,5,15,247,2.3989,15.9157,0.726,,,19.3175
A,5,15,248,2.9728,16.2884,0.6938,,,20.292
A,5,15,249,2.7451,15.4639,0.638,,,19.1441
A,5,15,250,2.1669,14.8031,0.9943,,,18.2369
A,5,15,251,2.1952,18.741,0.6385,,,21.8755
A,5,15,252,2.486,14.0446,1.0277,,,17.8195
A,5,15,253,2.515,14.218,0.6157,,,17.6564
A,5,15,254,2.3246,15.544,0.7037,,,18.8573
A,5,15,255,2.299,14.9345,0.8601,,,18.4615
A,5,15,256,2.2342,12.8139,0.6053,,,15.9162
A,5,15,257,2.4482,18.9195,0.6206,,,22.303
A,5,15,258,2.49,15.9524,0.6364,,,19.3375
A,5,15,259,3.1032,18.1992,1.0628,,,22.6385
A,5,15,260,2.389,15.667,0.7685,,,19.2231
A,5,15,261,2.4952,16.9136,0.7048,,,20.5348
A,5,15,262,2.0659,15.7751,0.7854,,,18.9467
A,5,15,263,2.5515,12.019,0.7508,,,15.5943
A,5,15,264,2.2192,15.7436,0.6127,,,18.8409
A,5,15,265,2.3694,14.4756,0.6081,,,17.7323
A,5,15,266,2.1444,14.412,0.6072,,,17.5454
A,5,15,267,2.3586,12.7503,1.3392,,,16.7736
A,5,15,268,2.0837,15.9056,0.924,,,19.1933
A,5,15,269,2.0854,13.376,0.6456,,,16.3237
A,5,15,270,2.1076,17.3898,0.5965,,,20.326
A,5,15,271,2.5625,16.7982,0.5992,,,20.2818
A,5,15,272,2.3513,16.9717,0.5866,,,20.1465
A,5,15,273,2.2021,13.8447,0.6376,,,16.988
A,5,15,274,2.1395,15.0653,0.5652,,,18.0287
A,5,15,275,2.0817,15.3981,0.779,,,18.4941
A,5,15,276,2.0961,15.9924,1.0395,,,19.4177
